generation_seed,test_index,outcome,primary_action,expanded_action,true_responsive_action,action_step,safety_score,downside_score,support_distance,predicted_under_risk,predicted_loss_k1,predicted_loss_k2,predicted_loss_k3,predicted_loss_k1_minus_k2,predicted_loss_k1_minus_k3,predicted_loss_k2_minus_k3,predicted_primary_regret,predicted_expanded_regret,predicted_regret_margin,primary_regret,expanded_regret,incremental_regret,context_benefit_probability,context_release_probability,context_anchor_age,context_trigger_score,context_feature_distance,context_current_mismatch_indicator,context_current_parameter_estimate
44077,46,beneficial,3,1,1,2,0.6808303571428567,0.0007322646571411162,2.402804854075515,0.018690576592650315,0.12679361767594768,0.14734668815863028,0.1437816435988074,-0.020553070482682595,-0.016988025922859723,0.003565044559822872,0.0004078321797114572,0.0017122002348366953,0.0013043680551252381,0.0,0.0,0.0,0.717443812640793,0.26242389860393944,14.0,4.811280977798958,1.0214793499994494,0.0008353391484577535,0.9173379421895846
44077,57,beneficial,3,1,1,2,0.7127504960317459,0.0005359798981266601,1.9132875972171959,0.01048935813986384,0.12590240049344367,0.14596837451665565,0.14273019137916682,-0.020065974023211974,-0.016827790885723143,0.0032381831374888315,0.0006073334282747593,0.0014336514797944724,0.000826318051519713,0.0,0.0,0.0,0.756177616811919,0.21023122806601507,15.0,4.799626694340233,1.0914883195618925,0.002754411180271547,0.9180443483374685
44078,0,beneficial,3,1,1,2,0.8819196428571427,0.00748216574986928,2.014788623399183,0.03825824499208795,0.20963619543041015,0.24331207270929087,0.2651465942247591,-0.03367587727888072,-0.055510398794348964,-0.021834521515468247,3.9059935077744015e-05,0.0015291297677289277,0.0014900698326511836,0.0,0.0,0.0,0.715450838402951,0.2424147351248854,23.0,4.757771453374785,0.9134347343595703,0.012741163484892813,0.9199816163352651
44078,7,beneficial,2,1,1,1,0.8531116071428572,0.0018015725271547142,1.780095324308477,0.03546497159365616,0.2478217852970652,0.27159199977885284,0.3116610604788435,-0.02377021448178765,-0.06383927518177832,-0.040069060699990666,0.0005097873127427115,0.0032069053894474217,0.0026971180767047104,0.0,0.0,0.0,0.5911160788476132,0.3166191642949903,8.0,5.999897567246371,1.489906977712457,0.1394568818235459,0.9187294303389012
44078,11,beneficial,3,2,2,1,0.6533824404761905,0.00012747485392155348,2.3813144773517383,0.04581800270034364,0.2398920865446319,0.2227725365426295,0.23461885870326077,0.01711955000200241,0.005273227841371131,-0.011846322160631279,0.0001724180435683268,0.003559229012982797,0.0033868109694144702,0.0,0.0,0.0,0.7222144718186686,0.30569348110330086,5.0,4.735736565303267,0.785911509355408,0.361536434799519,0.9209545852326482
44078,20,beneficial,3,1,1,2,0.8365724206349208,0.005980693016918876,1.8826614031367348,0.025889021329892063,0.21603683117694727,0.24420773854202754,0.2666935665099432,-0.028170907365080267,-0.05065673533299592,-0.02248582796791565,0.001525842178016939,0.005840208135893049,0.00431436595787611,0.0,0.0,0.0,0.6724087452159525,0.31684855940718193,37.0,5.704021002269784,0.7016742897632661,0.13825397449026183,0.9251861524370621
44078,31,beneficial,3,1,1,2,0.7385238095238097,0.004689565238550869,2.2299383979537963,0.032638371929815994,0.1630372342495885,0.1884722304271162,0.2049120326003483,-0.025434996177527702,-0.0418747983507598,-0.0164398021732321,2.2726114837602222e-05,0.0006256137987214473,0.000602887683883845,0.0,0.0,0.0,0.687592127811785,0.32376617045510275,35.0,4.849717130894902,0.7599571719882081,0.07254441791398811,0.9194247167029725
44078,32,beneficial,3,2,2,1,0.894811011904762,0.00020559692378136363,2.149295476380946,0.0336183039947803,0.30620473348754756,0.30474998436781975,0.33754737790597633,0.0014547491197278162,-0.03134264441842877,-0.03279739353815658,0.001990847281225239,0.019580359895663552,0.017589512614438314,0.0,0.0,0.0,0.5979697795531314,0.29434875058791016,5.0,4.659891511747577,1.4496039094967015,0.09499252380003453,0.9245227827889538
44078,46,beneficial,3,1,1,2,0.6001651785714285,0.0017222331377536359,2.0327733074663508,0.018066823886125877,0.2200024156724256,0.2370589971822436,0.23876412350418383,-0.01705658150981801,-0.018761707831758234,-0.0017051263219402257,7.562870293838297e-05,0.0006090299929575715,0.0005334012900191885,0.0,0.0,0.0,0.7851815703324082,0.21904061884397133,3.0,4.830122287629284,1.2899147171630385,0.20723555862913887,0.9160600360059503
44078,47,beneficial,3,1,1,2,0.7179851190476191,0.012917071224366392,2.031648403980448,0.04031228156999769,0.2759999542679671,0.2883351834500217,0.3129234318462802,-0.012335229182054597,-0.0369234775783131,-0.024588248396258505,0.0026297709905624455,0.009149575817348304,0.006519804826785858,0.0,0.0,0.0,0.7108057958562283,0.23401559596339472,23.0,4.830122287629284,0.8852716130645549,0.0014425063662738108,0.923558637842768
44078,49,beneficial,3,2,2,1,0.716767857142857,0.0008750805365230085,2.3925547103946174,0.04280309179150128,0.22865803998890621,0.20154641164606163,0.22126738377335547,0.027111628342844585,0.007390656215550739,-0.019720972127293845,0.0014121631487164657,0.002221172581029059,0.0008090094323125933,0.0,0.0,0.0,0.6872446906865073,0.3314378425501381,16.0,4.806755693104525,0.7034855632934344,0.4021527048890447,0.9205225658358677
44078,53,beneficial,3,1,1,2,0.8770773809523809,0.0029010500926865946,2.0634702337843147,0.02454237696897826,0.16465285166561336,0.20490682369073834,0.21229293154691778,-0.040253972025124984,-0.04764007988130442,-0.007386107856179436,9.954082752551786e-05,0.001815176633485543,0.0017156358059600251,0.0,0.0,0.0,0.7058246615831897,0.3293307485256047,35.0,4.799626694340233,0.8464688322446767,0.0066324676426336975,0.9140627280680249
44078,61,beneficial,3,1,1,2,0.8599077380952385,0.010651909897000968,2.147121053542771,0.03651615660371857,0.2102979691067517,0.23714435725562205,0.2682046915614103,-0.02684638814887036,-0.05790672245465861,-0.03106033430578825,2.2749990422006326e-05,0.0011876029553448836,0.0011648529649228771,0.0,0.0,0.0,0.6911380454942447,0.2852663223976598,21.0,5.047572358895003,0.7940185118251766,0.3489229291215289,0.9195562928835308
44078,62,harmful,3,1,3,2,0.6682847222222221,0.009934482762556394,2.2965222270407963,0.027550801496386966,0.2782462562032576,0.30529933621968247,0.3234661383779406,-0.02705308001642487,-0.04521988217468298,-0.01816680215825811,0.0009114675625761618,0.008134861566720495,0.0072233940041443335,0.0,0.09270954335055623,0.09270954335055623,0.6159140613683529,0.23215490675027978,11.0,5.114680301612628,1.3438302578644257,0.45377421931729867,0.9307063881860766
44080,14,beneficial,3,2,2,1,0.787138257575758,0.0034453548454915694,2.3616875156838475,0.03470322152069823,0.15343282240042522,0.1502365221516364,0.17785468037259689,0.003196300248788808,-0.024421857972171668,-0.027618158220960476,0.0001976679006585167,0.0034279494500483133,0.0032302815493897965,0.0,0.0,0.0,0.6765911839122022,0.3054780317930066,37.0,5.704021002269784,0.7016742897632661,0.13825397449026183,0.9251861524370621
44080,43,beneficial,3,2,2,1,0.7685515873015878,0.0036830365758677695,1.9764853681534074,0.041475659289046986,0.20302112336272163,0.1757595191088069,0.18708172682655297,0.027261604253914717,0.01593939653616866,-0.011322207717746058,0.0005179211256322414,0.002210160005277277,0.0016922388796450356,0.0,0.0,0.0,0.6892179051747579,0.3214848531117066,16.0,4.806755693104525,0.7034855632934344,0.4021527048890447,0.9205225658358677
44080,62,beneficial,3,2,2,1,0.8874444444444443,0.001301620147826412,2.085778287158436,0.03366066728360054,0.1344874248500816,0.12498115671062514,0.1432890358367296,0.009506268139456472,-0.008801610986648,-0.018307879126104473,2.5510275917712805e-05,0.0032457660750722203,0.0032202557991545073,0.0,0.0,0.0,0.6875069340795437,0.30519010039765476,40.0,7.367193504614618,0.7109873672903575,0.302275430740391,0.9217229118626464
44080,65,beneficial,3,2,2,1,0.6119077380952382,0.0,2.2407410149910345,0.023386694677710172,0.13096387874832868,0.12503653260065126,0.1377927856672857,0.005927346147677426,-0.006828906918957017,-0.012756253066634443,0.00010245591316960973,0.0030041071837716513,0.0029016512706020415,0.0,0.0,0.0,0.7403047113248323,0.1874747000900998,40.0,7.001637488726765,0.8693947388853579,0.32456034628736385,0.9205301689294235
44081,2,beneficial,3,1,1,2,0.8743958333333333,0.001883457038221005,2.171164298062908,0.013884053261733044,0.08938817001940481,0.11329686811684693,0.10635585076543976,-0.023908698097442116,-0.01696768074603494,0.006941017351407175,0.0005388292716561045,0.0015673866944220945,0.00102855742276599,0.0,0.0,0.0,0.6937778263359407,0.3707355750371543,48.0,5.999897567246371,0.8422124782287178,0.07008380694117063,0.9145124113465017
44081,12,beneficial,3,1,1,2,0.6565952380952379,0.0014313032912334164,2.1021930294857207,0.024285685195679398,0.1362042358927778,0.15363654492525694,0.15184011711016387,-0.017432309032479137,-0.01563588121738607,0.0017964278150930657,0.001930686015731228,0.002466864090919467,0.0005361780751882389,0.0,0.0,0.0,0.6746226824023105,0.31086688026297055,37.0,5.704021002269784,0.7016742897632661,0.13825397449026183,0.9251861524370621
44081,29,beneficial,3,1,1,2,0.923985119047619,0.0015136843894507834,1.8825255405053212,0.012943733614491379,0.10331391023340374,0.1343859525908537,0.12434483455672302,-0.031072042357449967,-0.02103092432331928,0.010041118034130686,0.00044999064308434694,0.001116510028137882,0.000666519385053535,0.0,0.0,0.0,0.7296211621919374,0.24628005490441074,37.0,5.0890874308387355,0.9331069800243109,0.005080725001283871,0.9151827934084258
44081,40,beneficial,3,2,2,1,0.9368511904761904,6.7499230622775595e-06,1.835701232025119,0.024278865857405362,0.18976306703274032,0.15996173275238548,0.17669026949714495,0.029801334280354835,0.01307279753559537,-0.016728536744759465,0.0019814825827708976,0.0029410925613980866,0.000959609978627189,0.0,0.0,0.0,0.6905346465484725,0.33120336766690384,16.0,4.806755693104525,0.7034855632934344,0.4021527048890447,0.9205225658358677
44081,44,beneficial,3,1,1,2,0.9149375,0.0025865495330213333,2.0301652524524383,0.018197170333979853,0.10918714081084856,0.13761787740608103,0.13087982671717863,-0.028430736595232473,-0.02169268590633007,0.006738050688902403,0.00040273120692938495,0.0011487930503033578,0.0007460618433739728,0.0,0.0,0.0,0.7077346926080363,0.3156067116769066,35.0,4.799626694340233,0.8464688322446767,0.0066324676426336975,0.9140627280680249
44081,59,beneficial,3,1,1,2,0.6814613095238093,0.0020633807823654394,2.128773559236939,0.017897463605357877,0.11715169502135156,0.13926372581350133,0.1423494957121011,-0.022112030792149767,-0.025197800690749533,-0.003085769898599766,0.0018355339776564546,0.0024567873546026,0.0006212533769461455,0.0,0.0,0.0,0.6856969473406493,0.30814150165220594,40.0,7.367193504614618,0.7109873672903575,0.302275430740391,0.9217229118626464
44082,26,harmful,2,1,2,1,0.6768488455988454,0.0003367594536491941,2.4260036998081977,0.0008477695821138238,0.1291070148005214,0.12447890698813831,0.13288837508779008,0.004628107812383084,-0.0037813602872686924,-0.008409468099651776,0.007208632787191624,0.007208632787191624,0.0,0.05587401700730321,0.09189898610942182,0.03602496910211861,0.6694605232785851,0.3563819541371686,25.0,7.6383716892492926,0.9395477770410444,0.2450937446166119,0.9102313539127934
44084,14,beneficial,3,2,2,1,0.8701770833333332,4.605001284189475e-05,2.3158257723221096,0.019695236441439737,0.23040051526350516,0.20150098832006275,0.2191546971830561,0.028899526943442416,0.011245818080449055,-0.01765370886299336,0.0,0.0009940040540242115,0.0009940040540242115,0.0,0.0,0.0,0.7769736231637879,0.18181639048846426,17.0,5.0890874308387355,1.164085990291846,2.512411322714151e-05,0.9202846058532933
44084,15,beneficial,3,1,1,2,0.9376875000000002,0.0,1.827252551633616,0.021776470589717174,0.1492061535847183,0.18684156565660512,0.19169396146070813,-0.03763541207188681,-0.042487807875989825,-0.004852395804103016,0.0,0.0009940040540242115,0.0009940040540242115,0.0,0.0,0.0,0.7468714524052829,0.23367450324698943,37.0,5.0890874308387355,0.9331069800243109,0.005080725001283871,0.9151827934084258
44084,18,beneficial,3,1,1,2,0.8851666666666668,0.007099255209937698,1.7575765256847689,0.022787063871693488,0.17986052051243073,0.18465954053874037,0.20240434634583418,-0.004799020026309636,-0.022543825833403447,-0.01774480580709381,0.0,0.0009940040540242115,0.0009940040540242115,0.0,0.0,0.0,0.7406348737821145,0.2429980663069763,14.0,4.811280977798958,1.0214793499994494,0.0008353391484577535,0.9173379421895846
44084,24,beneficial,3,2,2,1,0.9042499999999998,2.0146880618328936e-05,2.324817610716782,0.028287978266478383,0.27230576562014497,0.25521044464343373,0.2617910304643439,0.017095320976711237,0.010514735155801092,-0.006580585820910145,0.0,0.0009982987275205311,0.0009982987275205311,0.0,0.0,0.0,0.7321700866839849,0.2144441679205265,23.0,4.830122287629284,0.8852716130645549,0.0014425063662738108,0.923558637842768
44084,26,beneficial,3,2,2,1,0.9267827380952381,0.0010044659051138276,1.8601191897993872,0.0379361372876275,0.19348412924765998,0.17619617247585342,0.19724607105741349,0.017287956771806556,-0.003761941809753505,-0.02104989858156006,0.0,0.0005435663736661582,0.0005435663736661582,0.0,0.0,0.0,0.6997418430727713,0.3054933075262716,16.0,4.806755693104525,0.7034855632934344,0.4021527048890447,0.9205225658358677
44084,29,beneficial,3,1,1,2,0.8698541666666668,0.007099255209937698,1.6928689903324365,0.022234410961899032,0.18167942265294226,0.1854375528249887,0.20151705422497612,-0.003758130172046431,-0.01983763157203386,-0.016079501399987428,0.0,0.0009940040540242115,0.0009940040540242115,0.0,0.0,0.0,0.7668277715709836,0.20989863252330887,15.0,4.799626694340233,1.0914883195618925,0.002754411180271547,0.9180443483374685
44085,3,beneficial,3,1,1,2,0.7771458333333331,0.0011898275363569626,2.1393790947394815,0.02587563126578118,0.13017220961631593,0.16279082273175996,0.14201894373461676,-0.032618613115444034,-0.011846734118300839,0.020771878997143195,0.0,0.0007042722431184299,0.0007042722431184299,0.0,0.0,0.0,0.7074004524090867,0.29100981597904674,35.0,4.849717130894902,0.7599571719882081,0.07254441791398811,0.9194247167029725
44085,20,beneficial,3,2,2,1,0.9479999999999997,0.00010949785399405744,1.766839472610992,0.033768481516840976,0.19209690024707815,0.15943613198407683,0.16404615946427084,0.03266076826300132,0.02805074078280731,-0.004610027480194012,5.965699572958365e-05,0.0007128778021841222,0.0006532208064545385,0.0,0.0,0.0,0.702956842400404,0.3191461765967997,16.0,4.806755693104525,0.7034855632934344,0.4021527048890447,0.9205225658358677
44085,26,beneficial,3,2,2,1,0.7640243055555557,0.0006549858577033562,1.9427407776830363,0.04311617974625174,0.21748485029141942,0.19478387491872237,0.19751620698887662,0.022700975372697052,0.019968643302542805,-0.0027323320701542475,2.673973793940243e-05,0.0009384785634610434,0.000911738825521641,0.0,0.0,0.0,0.7567374528409989,0.19283571528031532,20.0,5.132292476492307,0.8956837796756536,0.23389112687358218,0.9265031427626789
44085,32,beneficial,3,2,2,1,0.9232708333333334,0.00042598381841030166,2.018132251978963,0.036904278892822724,0.1710961523985248,0.16500064724651647,0.16805337491211877,0.006095505152008324,0.003042777486406023,-0.0030527276656023006,2.1237927667627672e-05,0.0019795190466337527,0.0019582811189661252,0.0,0.0,0.0,0.7072642138675838,0.274514647433973,21.0,5.047572358895003,0.7940185118251766,0.3489229291215289,0.9195562928835308
44087,0,beneficial,3,1,1,2,0.785708333333333,0.007556809247855119,2.1521308211047114,0.002795849318411192,0.11188584159878391,0.1214020601671843,0.11608163757088631,-0.00951621856840039,-0.004195795972102401,0.005320422596297988,0.0018035903494805132,0.003044401918551445,0.0012408115690709317,0.0,0.0,0.0,0.7638058702222211,0.15354578070601915,45.0,4.659891511747577,1.0499828370753592,0.23608834887162836,0.9215185130835092
44087,2,beneficial,2,1,1,1,0.8001428571428569,0.000737353756973346,1.2076908195486766,0.0021614957767254793,0.15119395923654896,0.1525597994946748,0.15609515452791353,-0.0013658402581258333,-0.0049011952913645684,-0.003535355033238735,4.9289609337595824e-05,0.00056863403979988,0.0005193444304622842,0.0,0.0,0.0,0.7777286175771148,0.17024767855048525,17.0,5.0890874308387355,1.164085990291846,2.512411322714151e-05,0.9202846058532933
44087,18,neutral,2,1,2,1,0.6328497023809523,0.001169710074439933,1.2694707655538906,0.0021614957767254793,0.1362152272339735,0.13585843314081747,0.14080409412881922,0.00035679409315603205,-0.004588866894845722,-0.004945660988001754,0.0001152630048326277,0.0001152630048326277,0.0,0.0,0.0,0.0,0.7680776116222789,0.1982131984911153,15.0,4.799626694340233,1.0914883195618925,0.002754411180271547,0.9180443483374685
44087,44,neutral,3,2,3,1,0.6548571428571429,0.0,2.15843190533922,0.0,0.11505067623750641,0.11262538521367339,0.11075614466216721,0.002425291023833015,0.004294531575339197,0.0018692405515061822,0.004948725952798856,0.004948725952798856,0.0,0.0,0.0,0.0,0.7559241808854232,0.18318134370425693,22.0,9.418440724546118,0.8559103603719077,0.17273981835244523,0.9212258998584302
44094,32,beneficial,3,2,2,1,0.6042232142857141,0.0,2.2054691262266504,0.003694186363629916,0.18022659477863423,0.1740847705661803,0.17758100665970106,0.0061418242124539335,0.002645588118933173,-0.0034962360935207604,0.0004019706231927119,0.002050346051170957,0.0016483754279782452,0.0,0.0,0.0,0.7364873468302972,0.16560393395466336,23.0,4.993510546628228,0.9564094436318199,0.7436576696904752,0.9208834701019775
44095,13,beneficial,3,2,2,1,0.7858005952380952,0.003285545422963893,2.1071701334929505,0.013368402572994065,0.15294822998183147,0.15132731867184565,0.15553007016663675,0.0016209113099858175,-0.002581840184805284,-0.0042027514947911015,0.0,0.003766772994667688,0.003766772994667688,0.0,0.0,0.0,0.7636482181181828,0.20727920950243678,20.0,7.367193504614618,0.9041549880474832,0.15350600379660495,0.9193117632299074
44095,19,beneficial,3,2,2,1,0.6775074404761903,0.002348494197690693,1.8605694493857208,0.02580233917765774,0.11874420997699028,0.10323460534581053,0.10568543583314258,0.015509604631179758,0.013058774143847707,-0.0024508304873320508,0.0001268755559840013,0.0010863585870752477,0.0009594830310912465,0.0,0.0,0.0,0.7289959899239706,0.2425855249813502,26.0,4.519234471015013,0.8886133279083531,0.1345195858563242,0.9145699467247033
44095,25,neutral,3,2,3,1,0.6673556547619047,0.0011227271349081704,2.313670089467893,0.023732146401405793,0.15870615479069927,0.15978249196348127,0.15992998905004063,-0.0010763371727819937,-0.001223834259341361,-0.00014749708655936722,0.0,0.0,0.0,0.0,0.0,0.0,0.7609624634112316,0.20319865305755516,22.0,9.418440724546118,0.8559103603719077,0.17273981835244523,0.9212258998584302
44095,29,beneficial,3,2,2,1,0.7280699404761903,0.006670268598287751,2.0242441725274256,0.007810014192134018,0.14631043753186615,0.13850414818021775,0.145279402857835,0.007806289351648399,0.0010310346740311505,-0.006775254677617248,0.0,0.006956932863383446,0.006956932863383446,0.0,0.0,0.0,0.7384743169890576,0.23668653164006578,18.0,9.975228548743006,0.978844086973973,0.20376620473672524,0.9134100119090581
44095,33,beneficial,3,2,2,1,0.7739866071428573,0.003285545422963893,1.9486067380823342,0.0027307213600524633,0.13240675310373295,0.1285281033575394,0.13011369119928634,0.003878649746193563,0.002293061904446614,-0.0015855878417469493,0.0,0.003801315326067901,0.003801315326067901,0.0,0.0,0.0,0.7344607065558081,0.23421111871324124,5.0,8.075496584887205,1.1371257602247111,0.22077772984926475,0.919467538068176
44095,48,beneficial,3,2,2,1,0.7642261904761903,0.00387164877508088,1.7355372554910562,0.011665914069439289,0.12957887262928267,0.1195804919609403,0.1212735801322988,0.009998380668342369,0.008305292496983863,-0.001693088171358506,0.0,0.0024609137644146534,0.0024609137644146534,0.0,0.0,0.0,0.7862168560447687,0.15995011898458306,26.0,4.908399422722993,1.3984752346561902,0.1949073002007072,0.9136285882310544
44096,20,beneficial,3,1,1,2,0.650904761904762,0.00863565558589383,2.4493878075102704,0.025976618234204513,0.10390128756209825,0.10474716287563815,0.10667225715819345,-0.0008458753135398983,-0.002770969596095199,-0.0019250942825553008,0.000598754974645532,0.0013536548298778857,0.0007548998552323538,0.0,0.0,0.0,0.7318281565410628,0.24475320851790433,26.0,4.519234471015013,0.8886133279083531,0.1345195858563242,0.9145699467247033
44096,22,harmful,2,1,2,1,0.6471904761904761,0.009305776716571712,2.4673545050880064,0.01100118788989426,0.18945303023305818,0.1903485571640055,0.20613196173751813,-0.0008955269309473268,-0.016678931504459954,-0.015783404573512627,0.005386188412995344,0.009851759268664783,0.004465570855669439,0.0,0.0023762787710386313,0.0023762787710386313,0.7026370695785336,0.2947204995292511,6.0,5.661908699401517,0.8084766946058487,1.5027626816832995,0.9267439895441207
44097,18,neutral,3,2,3,1,0.81721875,9.511468383542151e-05,2.3759265831800205,0.015510219048096458,0.18855471055190595,0.19457324947730384,0.2007466638743045,-0.006018538925397887,-0.012191953322398558,-0.0061734143970006705,0.004249519811259501,0.004249519811259501,0.0,0.0,0.0,0.0,0.6998144025258609,0.309677904408025,6.0,5.661908699401517,0.8084766946058487,1.5027626816832995,0.9267439895441207
44097,22,harmful,3,1,3,2,0.6685922619047617,0.0010933559034353364,2.482999544312695,0.014266145086151918,0.13788336446865274,0.16373161725839339,0.16000791743889897,-0.02584825278974065,-0.022124552970246236,0.0037236998194944138,0.01738325343878183,0.0235352260270684,0.006151972588286567,0.0,0.08779151747751225,0.08779151747751225,0.7581469645743659,0.24589267045298555,22.0,9.418440724546118,0.8559103603719077,0.17273981835244523,0.9212258998584302
44098,6,beneficial,3,2,2,1,0.6528497023809525,0.0026745084651207916,1.9675338490136718,0.018360695683258786,0.15813110869540986,0.15222127014866932,0.15563789153177318,0.005909838546740542,0.0024932171636366796,-0.0034166213831038628,0.004398194830288561,0.006543968422149909,0.0021457735918613474,0.0,0.0,0.0,0.8025031533921012,0.22798196099728052,10.0,7.367193504614618,1.0422052781114501,1.0134446953530645,0.9185906225134947
44098,31,neutral,3,2,1,1,0.6280520833333337,0.004853032560869642,2.0016642906476436,0.009554313690032063,0.14789099885232435,0.15097729620963335,0.15530452685386648,-0.0030862973573090036,-0.00741352800154213,-0.0043272306442331265,0.006490178817528176,0.006490178817528176,0.0,0.0,0.0,0.0,0.8450391935990472,0.21435978651895948,4.0,7.138045830405242,1.365294714864998,0.19584953350486106,0.9190969865630784
44099,0,beneficial,3,2,2,1,0.6850783730158733,0.0,2.0152715331890843,0.06099527674170678,0.15500180420607762,0.14018191537849137,0.1565105854924647,0.014819888827586253,-0.0015087812863870675,-0.01632867011397332,0.0,0.002296075324486769,0.002296075324486769,0.0,0.0,0.0,0.7086569709311787,0.31543857336029696,21.0,5.047572358895003,0.7940185118251766,0.3489229291215289,0.9195562928835308
44099,4,beneficial,3,2,2,1,0.7217752976190477,0.009906382768964583,2.300333604587956,0.02822537612590346,0.1820351703464696,0.1653211879719513,0.16792583624005414,0.016713982374518294,0.014109334106415461,-0.0026046482681028327,0.004189684389877732,0.015936694999276045,0.011747010609398313,0.0,0.0,0.0,0.8028578775995634,0.23040028793748377,10.0,7.367193504614618,1.0422052781114501,1.0134446953530645,0.9185906225134947
44100,49,beneficial,3,2,2,1,0.6898988095238096,3.058870773585336e-05,2.0258060695235165,0.0366948411252295,0.12386496378465749,0.12779859430285323,0.14742444125716725,-0.003933630518195744,-0.023559477472509763,-0.01962584695431402,0.0001607747527099692,0.0043750934461786115,0.004214318693468643,0.0,0.0,0.0,0.7503851067545382,0.24970099239110452,29.0,4.683632331624778,0.9197171912736188,0.8426088701645404,0.9163041936132251
44101,5,harmful,3,1,3,2,0.7770758928571427,0.001995547278893407,1.7610783521152396,0.03297883431655635,0.10681091701336692,0.11657531930701198,0.11761487322140918,-0.009764402293645058,-0.010803956208042254,-0.0010395539143971955,0.0019271358630106516,0.012711950851000464,0.010784814987989812,0.0,0.08920453549650931,0.08920453549650931,0.7171034821298895,0.3118369547245688,26.0,4.519234471015013,0.8886133279083531,0.1345195858563242,0.9145699467247033
44103,3,neutral,3,2,3,1,0.7071185515873017,5.15482725251607e-05,1.8769621418527311,0.04177902933542683,0.2005648000723707,0.16427564182034649,0.1614486814443489,0.03628915825202422,0.039116118628021807,0.0028269603759975837,1.2137599433596048e-05,1.2137599433596048e-05,0.0,0.0,0.0,0.0,0.7673605285095116,0.2522296334413617,16.0,4.519234471015013,1.0507479634899788,0.015144363125496036,0.9216814242154788
44103,4,harmful,3,1,3,2,0.9050565476190476,0.003096555099990854,1.809127544062786,0.04029314340169665,0.11359633335503082,0.1554620920775528,0.15650825018358724,-0.041865758722521976,-0.042911916828556426,-0.0010461581060344505,0.005480872378273185,0.008818061595746645,0.00333718921747346,0.0,0.09157732648995356,0.09157732648995356,0.7096404475083481,0.32553395135541635,26.0,4.519234471015013,0.8886133279083531,0.1345195858563242,0.9145699467247033
44103,33,beneficial,3,1,1,2,0.8121815476190474,0.009367537840862899,2.097942972405087,0.020966603836326463,0.12332866759484036,0.14331000740592226,0.15321238131589127,-0.019981339811081897,-0.029883713721050906,-0.009902373909969009,0.005565725292551708,0.02848395090563931,0.022918225613087602,0.0,0.0,0.0,0.7825576932088357,0.21854333943518298,26.0,4.908399422722993,1.3984752346561902,0.1949073002007072,0.9136285882310544
44104,1,harmful,3,1,3,2,0.9080267857142856,0.002431766154072413,1.9009486758827385,0.03484091973474577,0.11266766323057441,0.13863146368469997,0.15329610746014682,-0.025963800454125566,-0.040628444229572416,-0.01466464377544685,0.0076303256861043915,0.009942010614489037,0.0023116849283846457,0.0,0.09127259936345747,0.09127259936345747,0.7091430392143139,0.3263468583551385,26.0,4.519234471015013,0.8886133279083531,0.1345195858563242,0.9145699467247033
44104,12,beneficial,3,2,2,1,0.7482678571428575,0.0,2.2620198269911618,0.05334873881413187,0.18616256228995215,0.1784010418445338,0.18955073163439204,0.007761520445418363,-0.0033881693444398897,-0.011149689789858253,6.497334900289717e-05,0.017287536638055278,0.017222563289052382,0.0,0.0,0.0,0.727412119843095,0.24073902372178058,23.0,4.993510546628228,0.9564094436318199,0.7436576696904752,0.9208834701019775
44104,43,beneficial,3,2,2,1,0.6311011904761906,0.000269890158027348,2.1267137071342295,0.038053520428505586,0.12045840545151291,0.11683407403708605,0.14445621548111562,0.0036243314144268624,-0.023997810029602704,-0.027622141444029566,0.00032710247561958946,0.005113056151409412,0.0047859536757898224,0.0,0.0,0.0,0.7418118788255594,0.24881111833988345,29.0,4.683632331624778,0.9197171912736188,0.8426088701645404,0.9163041936132251
44104,52,beneficial,3,1,1,2,0.7993601190476187,0.004743354680359847,2.3613234835981416,0.043288368235948796,0.12018730330927525,0.1365625825617995,0.15756475036753428,-0.016375279252524258,-0.03737744705825903,-0.021002167805734773,0.0,0.004293596581601424,0.004293596581601424,0.0,0.0,0.0,0.7395321469045545,0.2599576185991544,37.0,4.9239794250805415,0.9891321171201812,0.0023089159865637187,0.9208101424645767
44105,8,beneficial,3,2,2,1,0.8977708333333334,0.0003043118082645273,2.2197329407032607,0.046499153542845235,0.2129341320687167,0.18625678867122347,0.19723631108340545,0.026677343397493225,0.01569782098531125,-0.010979522412181975,0.00038056965048768583,0.0064201301166931235,0.006039560466205437,0.0,0.0,0.0,0.7305893063494188,0.22094884564524161,23.0,4.993510546628228,0.9564094436318199,0.7436576696904752,0.9208834701019775
44105,23,beneficial,3,2,2,1,0.930541666666667,0.000785776562054476,2.310621443095918,0.012046863605501144,0.20592562286223343,0.18521486164830867,0.1911509751327361,0.02071076121392476,0.014774647729497326,-0.0059361134844274355,0.0004484614469166071,0.022214707113791983,0.021766245666875374,0.0,0.0,0.0,0.7740852656496522,0.2081776952051713,20.0,6.675880393801056,1.1413914534230383,0.05676491294075898,0.9215465801751112
44105,24,beneficial,3,2,2,1,0.9312648809523811,0.0003043118082645273,2.1454256365714572,0.02329568555283041,0.2066120223721868,0.17970325830346873,0.18636192571367954,0.02690876406871806,0.020250096658507244,-0.006658667410210817,6.375301727710741e-05,0.021555265924861337,0.02149151290758423,0.0,0.0,0.0,0.7410551465568356,0.2018320097455665,30.0,6.675880393801056,1.0410555077958883,0.11446173047536937,0.9218083588543106
44105,30,beneficial,3,2,2,1,0.9014107142857142,0.0,2.1300920486430783,0.03497663261403363,0.1918199713928268,0.14672855209972435,0.16106179088975964,0.04509141929310245,0.030758180503067167,-0.014333238790035285,0.0,0.023352015939510296,0.023352015939510296,0.0,0.0,0.0,0.7597344908148762,0.18356262348670402,30.0,4.798574989989416,1.0513885076844856,0.5115172958218073,0.9202879413952223
44105,48,beneficial,3,2,2,1,0.8524374999999997,0.0,2.1924201163028174,0.028392283446013772,0.16813680520906285,0.14070578828245123,0.14311787891486574,0.027431016926611623,0.025018926294197108,-0.0024120906324145153,0.00027493431506635946,0.025032419200417075,0.024757484885350716,0.0,0.0,0.0,0.8207372618633817,0.2001782911597111,7.0,4.9239794250805415,1.2859906814299193,0.8058648651053597,0.9252605421617509
44106,14,beneficial,3,2,2,1,0.7426433531746031,3.207333772621536e-05,2.3131576393012496,0.020892046261841265,0.18333665037441366,0.18121179034533585,0.19229202665549647,0.002124860029077802,-0.00895537628108281,-0.011080236310160613,4.356819198297691e-06,0.0010855562922053817,0.0010811994730070842,0.0,0.0,0.0,0.7857889988333369,0.19475186850106982,14.0,7.138045830405242,1.209186489936426,0.18317744936525196,0.9211398798848613
44107,5,beneficial,3,2,2,1,0.6116483134920635,0.0003359472082517567,2.29992820562551,0.05917067569928519,0.20172400804356913,0.18449756941351766,0.1884386094164634,0.017226438630051466,0.013285398627105732,-0.003941040002945734,0.0009862320846450272,0.003338464436788459,0.0023522323521434317,0.0,0.0,0.0,0.7319596521441603,0.21587961741778094,23.0,4.993510546628228,0.9564094436318199,0.7436576696904752,0.9208834701019775
44107,20,beneficial,3,2,2,1,0.8852748015873015,3.3043987696894096e-05,2.478211129399127,0.030059863628742647,0.18807256873899303,0.17412182727968453,0.20003057504117264,0.013950741459308497,-0.011958006302179608,-0.025908747761488105,6.601545415300277e-05,0.002250168992971914,0.0021841535388189112,0.0,0.0,0.0,0.7617464949112359,0.2054517994806531,20.0,6.675880393801056,1.1413914534230383,0.05676491294075898,0.9215465801751112
44107,29,beneficial,3,2,2,1,0.8694429563492065,0.0003359472082517567,2.2280804755488584,0.03494582635241009,0.2000931919585272,0.16716528753088827,0.18209552179551897,0.03292790442763893,0.01799767016300824,-0.014930234264630693,0.0006514040180636617,0.0022019299490467882,0.0015505259309831266,0.0,0.0,0.0,0.7553998305549009,0.18310450056045927,30.0,4.798574989989416,1.0513885076844856,0.5115172958218073,0.9202879413952223
44107,45,beneficial,3,2,2,1,0.8263720238095239,6.608797539378822e-05,2.3768588634413117,0.03662358157731049,0.1337349984555361,0.126513313326624,0.14269995161114313,0.007221685128912109,-0.008964953155607025,-0.016186638284519134,0.00010584492185803632,0.0009177648793246153,0.000811919957466579,0.0,0.0,0.0,0.7413231529127046,0.24839119368954932,37.0,4.9239794250805415,0.9891321171201812,0.0023089159865637187,0.9208101424645767
44108,5,beneficial,3,2,2,1,0.8913958333333335,0.0005326158976331708,2.254125732385453,0.053586141666544955,0.21494272739885353,0.1897321799060999,0.20347458369288,0.025210547492753643,0.011468143705973544,-0.0137424037867801,0.0012810118645787917,0.011581540423375336,0.010300528558796544,0.0,0.0,0.0,0.7262139740448381,0.21743650957869878,23.0,4.993510546628228,0.9564094436318199,0.7436576696904752,0.9208834701019775
44108,15,beneficial,3,2,2,1,0.7440595238095239,0.00016153105092153535,2.3107902497544095,0.04071161969744638,0.2047760413974521,0.20120201905818605,0.2225045102251947,0.003574022339266042,-0.01772846882774262,-0.021302491167008664,0.006004961422244951,0.008257041126260075,0.0022520797040151237,0.0,0.0,0.0,0.7311818590371991,0.23467048168780638,21.0,6.203099370889839,1.0402581368211097,1.4023178312273097,0.9274856985453563
44108,20,beneficial,3,2,2,1,0.708110119047619,0.0,2.350358994727946,0.03259459120989837,0.18310979690084384,0.17853100624338655,0.2010616233999848,0.004578790657457282,-0.017951826499140955,-0.022530617156598237,0.0004882583220276255,0.020856127937263564,0.02036786961523594,0.0,0.0,0.0,0.7539559466999914,0.2065449983093369,20.0,6.675880393801056,1.1413914534230383,0.05676491294075898,0.9215465801751112
44108,21,beneficial,3,2,2,1,0.6469315476190477,0.0003656277166129348,2.271656904402375,0.04481054760130194,0.16914516958459083,0.16794430742980657,0.20247507692496713,0.0012008621547842657,-0.0333299073403763,-0.03453076949516057,0.003863020653627586,0.02500994965315973,0.021146928999532147,0.0,0.0,0.0,0.7451107759661895,0.20197504179790052,30.0,6.675880393801056,1.0410555077958883,0.11446173047536937,0.9218083588543106
44108,29,beneficial,3,2,2,1,0.81675,0.0,1.9835322172958592,0.03380528429075594,0.18695365499933067,0.17414086821420052,0.18018325787255954,0.012812786785130148,0.006770397126771133,-0.006042389658359015,7.3213945851963965e-06,0.014717720211459099,0.014710398816873901,0.0,0.0,0.0,0.7587515002334587,0.17998915235473867,30.0,4.798574989989416,1.0513885076844856,0.5115172958218073,0.9202879413952223
44108,38,harmful,3,1,3,2,0.62359375,0.009180027430344444,2.182093175957708,0.024446047954755124,0.14239371172106666,0.1563011700723032,0.17172875035051804,-0.013907458351236551,-0.029335038629451388,-0.015427580278214836,0.0021555289685959433,0.013327357246448306,0.011171828277852363,0.0,0.0918432570224697,0.0918432570224697,0.7366391214685519,0.23030287673758054,29.0,4.683632331624778,0.9197171912736188,0.8426088701645404,0.9163041936132251
44108,55,neutral,3,2,3,1,0.8683333333333332,0.0,1.6321392859702173,0.03592454624862484,0.16865629531212312,0.1535247148225067,0.14822941630102196,0.015131580489616409,0.020426879011101157,0.005295298521484748,6.494468398796605e-05,6.494468398796605e-05,0.0,0.0,0.0,0.0,0.7538951801428841,0.2404000352590644,15.0,5.567466422979194,0.9450035663438099,0.12524025441474962,0.9242947750541135
44109,2,neutral,3,2,3,1,0.7866026785714285,1.5580586034849107e-05,2.0927291085881166,0.03967732411824589,0.18578579167284182,0.19010283183990243,0.19689128643574097,-0.0043170401670606096,-0.011105494762899154,-0.0067884545958385445,0.000484664498453601,0.000484664498453601,0.0,0.0,0.0,0.0,0.7264347052790182,0.2222716690471406,23.0,4.993510546628228,0.9564094436318199,0.7436576696904752,0.9208834701019775
44109,12,beneficial,3,2,2,1,0.6251919642857143,0.002508037675372268,2.398031839266206,0.0326865081931384,0.19949002243915717,0.20532067885580643,0.23198000030767196,-0.00583065641664926,-0.03248997786851479,-0.02665932145186553,0.025104404866009077,0.036384316259197226,0.011279911393188149,0.0,0.0,0.0,0.7298649665461208,0.24208852629057495,21.0,6.203099370889839,1.0402581368211097,1.4023178312273097,0.9274856985453563
44109,17,beneficial,3,2,2,1,0.8894538690476186,9.149225281373391e-05,1.9860408014292321,0.024987051247829288,0.1800833868567909,0.17356502319497447,0.19182533161745782,0.006518363661816434,-0.011741944760666922,-0.018260308422483357,0.0002618988451778848,0.006329211426971228,0.006067312581793343,0.0,0.0,0.0,0.7555489391274316,0.20885392448945325,20.0,6.675880393801056,1.1413914534230383,0.05676491294075898,0.9215465801751112
44109,18,beneficial,3,2,2,1,0.9338363095238096,0.0,1.9441416772688709,0.03804537484779063,0.164563442677534,0.16091579936958028,0.17990719165292143,0.003647643307953724,-0.015343748975387428,-0.018991392283341152,0.0,0.004971055379422269,0.004971055379422269,0.0,0.0,0.0,0.750461859520342,0.20254381716993447,30.0,6.675880393801056,1.0410555077958883,0.11446173047536937,0.9218083588543106
44109,26,beneficial,3,2,2,1,0.7764702380952377,0.005275643576164691,2.453096716686912,0.025165542153007158,0.22565413374996812,0.20674354196348915,0.211086552271888,0.01891059178647897,0.014567581478080127,-0.0043430103083988425,0.004682023444603483,0.02414254201872788,0.019460518574124397,0.0,0.0,0.0,0.7597827080489356,0.18144455854228264,30.0,4.798574989989416,1.0513885076844856,0.5115172958218073,0.9202879413952223
44109,52,beneficial,3,2,2,1,0.8166800595238094,0.0,1.6173649277336275,0.02035517753229438,0.1526252559121365,0.14580795203953467,0.14927335429177385,0.006817303872601821,0.0033519016203626406,-0.0034654022522391803,0.00015889660113442295,0.011409310333174693,0.011250413732040271,0.0,0.0,0.0,0.7591459873693504,0.24223315462596015,15.0,5.567466422979194,0.9450035663438099,0.12524025441474962,0.9242947750541135
44110,6,beneficial,3,2,2,1,0.8421428571428567,0.0006937532409380358,2.4435174599101055,0.03425846768763621,0.18738450249045477,0.18410877690686883,0.1976030103663678,0.0032757255835859367,-0.010218507875913024,-0.013494233459498961,6.202132212079229e-05,0.02820620668058366,0.02814418535846287,0.0,0.0,0.0,0.7368511307017797,0.23208211366206574,21.0,6.203099370889839,1.0402581368211097,1.4023178312273097,0.9274856985453563
44110,8,beneficial,3,2,2,1,0.8663154761904758,5.1389128958373025e-05,2.379863194378019,0.04710220497936574,0.13111266347224534,0.08133925633701922,0.092197531458165,0.04977340713522613,0.03891513201408034,-0.010858275121145788,0.0013017232493292808,0.007509950095412392,0.006208226846083111,0.0,0.0,0.0,0.6515825926123383,0.553856460804946,51.0,6.203099370889839,0.7735178722011319,0.009211010337410815,0.9212816727410351
