test_index,best_persistence,predicted_under_risk,selected_lambda,oracle_lambda,selected_action,oracle_lambda_action,selected_regret,oracle_lambda_regret,predicted_regret_lambda_0.00,predicted_regret_lambda_0.10,predicted_regret_lambda_0.25,predicted_regret_lambda_1.00
0,1,0.02280515121673653,1.0,0.0,3,2,0.0,0.0,0.00010699654136893345,0.00021315125845869059,6.235693678250569e-05,0.0
1,1,0.011179931936987006,0.25,0.0,2,2,0.0,0.0,0.004858635195163525,0.005230265513692075,0.0003193205217879835,0.00047693076345033835
2,1,0.011272623240007376,0.0,0.0,2,2,0.0,0.0,0.0,0.0,0.0,0.0
3,1,0.024593994812742055,1.0,0.0,3,2,0.0,0.0,0.003725981304922048,0.003752175412580129,0.0002589306514709241,0.0001161858588984639
4,1,0.02638256442498864,1.0,0.0,1,1,0.0,0.0,0.04263631108458151,0.03821402574190181,0.03936838423747781,0.0008068011040991233
5,2,0.027565087328314322,1.0,1.0,3,3,0.0,0.0,0.04225329602114324,0.043450007452317536,0.04861609159158559,2.8437098331791866e-05
6,2,0.03441937398111071,1.0,0.1,3,3,0.0,0.0,0.006358597314807846,0.004951866240066086,0.0018851828044434264,0.00047693076345033835
7,2,0.03425887702294003,0.25,0.1,3,2,0.0,0.0,0.008813975770671344,0.006226275488523783,0.0002460147562673342,0.0005793043174447892
8,1,0.0460522615338116,1.0,0.0,3,1,0.0,0.0,0.015656311694919777,0.009295082153771705,0.002492508941845555,0.00045775603428947287
9,1,0.042567450027431425,0.25,0.0,3,2,0.0,0.0,0.015244933148279785,0.00032716220608554125,0.00022826147554364063,0.00045775603428947287
10,1,0.030993522774128465,0.1,0.0,3,3,0.0,0.0,0.00016049481205340018,0.0,0.0,0.00045775603428947287
11,1,0.037248184346602375,0.25,0.0,3,1,0.0,0.0,0.002389230206059543,0.00113176450846491,0.0,0.00045775603428947287
12,1,0.03664991528924929,0.25,0.0,3,1,0.0,0.0,0.0014893420954887797,0.0002933409521360185,0.0,0.0
13,1,0.018872985450852996,0.1,0.0,1,1,0.0,0.0,0.0004879447551249397,0.0,0.0,0.0
14,1,0.02476059077747911,0.25,0.0,3,2,0.0,0.0,5.3498270684466725e-05,0.0003495386264681714,0.0,0.0
15,1,0.03670569933458623,1.0,0.0,3,1,0.0,0.0,0.020010962285277534,0.01440634934718486,0.0013066388518604046,0.00047693076345033835
16,1,0.03144023959720714,1.0,0.0,3,1,0.0,0.0,0.030033638383940367,0.028620946225042205,0.03380933052592868,0.0004691308736221897
17,1,0.04538115275370475,1.0,0.0,3,3,0.0,0.0,0.0037108731577145467,0.0023077533651864454,0.00287146181691093,0.00045775603428947287
18,2,0.027912106784189476,1.0,0.0,3,2,0.0,0.0,0.029932252174732114,0.0051208582010269345,0.004742873661551248,0.0
19,2,0.01849410688953061,0.1,0.25,1,2,0.09518820021482474,0.0,0.0007406351577642839,0.0,0.0,0.0
20,2,0.040866210078494974,1.0,0.0,3,3,0.0,0.0,0.0007640603981340285,0.0004955547441919907,0.00020738740514029353,0.0
21,2,0.04299907391748921,1.0,0.0,3,3,0.0,0.0,0.0036547969594227098,0.0020066474409262377,0.00287146181691093,0.00045775603428947287
22,2,0.03670897179644808,1.0,0.0,3,3,0.0,0.0,0.0038653098398906266,0.00205566089390275,0.0029190087029575765,0.00045775603428947287
23,2,0.029217456164213465,0.25,0.0,3,2,0.0,0.0,0.005505079308199232,0.005736588680610052,0.0003193205217879835,0.0016777888015757183
24,1,0.04592788430002088,1.0,0.0,3,2,0.0,0.0,0.005306929691307911,0.0005656328253586306,0.0003407438508486074,0.0
25,1,0.022694503764401536,0.1,0.0,2,2,0.0,0.0,0.00010699654136893345,0.0,0.0,0.0
26,1,0.023856148773027813,0.1,0.0,2,2,0.0,0.0,3.882205948953818e-05,0.0,0.0,0.0
27,1,0.035066168873382424,0.25,0.0,3,1,0.0,0.0,0.0018937184110290664,0.00113176450846491,0.0,0.0
28,1,0.04750235102302107,1.0,0.0,3,1,0.0,0.0,0.03870875327248843,0.02336755421901309,0.01202168770227471,0.0
29,1,0.023237868677336185,0.0,0.0,2,2,0.0,0.0,0.0,0.0,0.0,0.0
30,1,0.023780873381575078,1.0,0.0,3,1,0.0,0.0,0.017150200702642383,0.021853630358872445,0.007075805634498555,0.0
31,1,0.019701317976916273,0.0,0.0,2,2,0.0,0.0,0.0,0.0,0.0,0.0
32,3,0.041186146798371175,1.0,0.25,3,3,0.0,0.0,0.0019940727531063654,0.0008276333361250962,0.00010946279645300112,1.1374839332716744e-05
33,3,0.0332631374973132,1.0,1.0,3,3,0.0,0.0,0.02772458264767623,0.031296569045274975,0.02462243093007585,9.749862285185782e-06
34,2,0.042777572975419474,1.0,1.0,3,3,0.0,0.0,0.04681728878899895,0.04400051735711698,0.04182130955867267,2.2749678665433488e-05
35,2,0.03567679074560212,0.1,0.0,3,3,0.0,0.0,0.0006329330658822826,0.0,0.0,0.0
36,2,0.0361148293602659,1.0,0.0,3,3,0.0,0.0,0.0048364817569961655,0.002240008794722068,0.00300708888318355,0.0
37,2,0.03646748878062584,0.25,0.0,3,2,0.0,0.0,0.0017772765105626281,0.001481896568453549,0.0,9.668613432809234e-05
38,2,0.02468004002788759,0.0,0.0,3,3,0.0,0.0,0.0,0.0,0.0,0.0
39,2,0.03118213995305355,0.25,0.0,2,2,0.0,0.0,0.00034978602026100044,4.662915304902232e-05,0.0,0.0
40,2,0.034663160168209146,0.25,0.0,3,2,0.0,0.0,0.0018762531648030896,0.0012549350976829635,0.0,0.0010346228861629633
41,3,0.020797499966750708,1.0,0.0,1,1,0.007375586548430901,0.007375586548430901,0.03741894405797302,0.03781705047829372,0.03698134707150415,0.0007902263382143077
42,3,0.026822066442761982,1.0,0.0,1,1,0.03091974117703608,0.03091974117703608,0.04604676152065093,0.041722775497828386,0.04054348265532564,0.0003917819661597157
43,2,0.03951930612254934,1.0,1.0,3,3,0.006871910725323005,0.006871910725323005,0.046793013560071685,0.03266150940362027,0.015865524073613895,2.1124701617902526e-05
44,1,0.024436690988507717,1.0,0.0,3,1,0.006622848127195047,0.0,0.050603460245575826,0.04788685747558303,0.04687751313646619,0.0008381631611164708
45,1,0.021222086183046187,1.0,0.0,3,2,0.0,0.0,0.037534617264532374,0.011187679819021063,0.008480612252873788,0.0
46,1,0.01365850721967068,1.0,0.0,3,2,0.0,0.0,0.035159630832880595,0.007503668559710618,0.002620174013107413,0.00047693076345033835
47,1,0.01259623508265569,0.0,0.0,2,2,0.0,0.0,0.0,0.0,0.0,0.0
48,1,0.009318752027240971,1.0,0.0,3,1,0.0,0.0,0.013908084743762521,0.009964909162919068,0.0011144367578716334,0.0
49,1,0.028818895238164565,1.0,0.0,3,1,0.0,0.0,0.011901274095840953,0.015263728333483032,0.00324972846645007,0.0
50,1,0.023520217346594405,1.0,0.0,3,3,0.0,0.0,0.0020420045829858333,0.0013517400697712154,0.0021489739832720894,0.0
51,1,0.02958356952205886,1.0,0.0,3,1,0.0,0.0,0.028948159499856786,0.02823573335554738,0.0018255313418692237,0.0
52,1,0.03759264192945932,1.0,0.0,3,1,0.0,0.0,0.04293712419644523,0.03795735377145268,0.03953395180826717,3.2499540950619273e-06
53,1,0.024715343027548062,1.0,0.0,3,1,0.0,0.0,0.01645364228077985,0.018471514792558517,0.0002589306514709241,9.993608842315427e-05
54,1,0.024536543970978028,0.0,0.0,2,2,0.0,0.0,0.0,0.0,0.0,0.0
55,1,0.04103390877169623,0.25,0.0,3,1,0.0,0.0,0.002001721780586386,0.0002655579077168058,0.0,0.0
56,3,0.03274480707504506,1.0,0.25,3,3,0.0,0.0,0.02699169774580175,0.011330868286964613,0.004773051311653395,0.0012531822990558762
57,3,0.03312817728570933,1.0,1.0,3,3,0.0,0.0,0.01306122891995487,0.012291336788219162,0.006257384537731287,0.00118460826765007
58,2,0.03188031448587982,1.0,0.1,3,2,0.0,0.0,0.03946145917529462,0.013642415502224876,0.006830211601965638,0.00047693076345033835
59,1,0.02450722746566402,1.0,0.0,3,2,0.0,0.0,0.0007914303544671524,5.3498270684466725e-05,0.00010946279645300112,0.0
60,1,0.025880579595396618,1.0,0.0,3,1,0.0,0.0,0.03053862639247551,0.036608940095025216,0.03246780657904433,0.0
61,1,0.013577055933409007,0.25,0.0,3,2,0.0,0.0,0.0005158609861461599,0.00042798616547573386,0.0,0.0
62,3,0.05077392905885838,1.0,1.0,3,3,0.0,0.0,0.020427711137483682,0.0046832786961296365,0.0037217949366551576,0.0004788807359073754
63,3,0.03441037613827375,1.0,1.0,3,3,0.0,0.0,0.018571735307029144,0.019636735150791704,0.020835170012592847,0.00047238082771725156
64,2,0.028331236741233785,1.0,0.25,3,3,0.0,0.0,0.0016933395023597008,0.001347010231779193,0.0005646828941241644,0.0
65,2,0.02666612018666824,0.0,0.0,2,2,0.0,0.0,0.0,0.0,0.0,0.0
66,2,0.024864527996219323,0.25,1.0,1,3,0.03138122831986774,0.0,0.0164477232661878,0.01871320055850579,0.0,0.0011103468165779057
67,3,0.03559728941070486,1.0,0.25,3,3,0.0,0.0,0.007444753267431728,0.004850989772137459,0.0028857353969822994,0.00045775603428947287
68,3,0.02766769465236672,1.0,0.0,1,1,0.057717810433482175,0.057717810433482175,0.03386458319593275,0.030622249865175713,0.033099530699393406,0.0010411227943530866
69,2,0.03267914010910429,1.0,1.0,3,3,0.0,0.0,0.010924536898567448,0.011573645138430356,0.0026432359153988993,0.0005966915718533704
70,2,0.02537222256577211,1.0,1.0,3,3,0.0,0.0,0.013343495480871938,0.01639182836862977,0.0027973783769248244,0.0
71,2,0.0203037311797933,0.0,0.0,2,2,0.0,0.0,0.0,0.0,0.0,0.0
72,2,0.031056467919537645,1.0,1.0,3,3,0.0,0.0,0.02916778666328417,0.03071180098665851,0.011458276848583717,0.00013731056051636647
73,1,0.012339921780130157,0.1,0.0,1,1,0.0,0.0,0.000148356024096776,0.0,0.0,0.0006755029586586225
74,1,0.01009082743405334,0.1,0.0,1,1,0.0,0.0,7.831396032117225e-05,0.0,0.0,0.0006755029586586225
