generation_seed,test_index,outcome,primary_action,expanded_action,true_responsive_action,action_step,safety_score,downside_score,support_distance,predicted_under_risk,predicted_loss_k1,predicted_loss_k2,predicted_loss_k3,predicted_loss_k1_minus_k2,predicted_loss_k1_minus_k3,predicted_loss_k2_minus_k3,predicted_primary_regret,predicted_expanded_regret,predicted_regret_margin,primary_regret,expanded_regret,incremental_regret,context_benefit_probability,context_release_probability,context_anchor_age,context_trigger_score,context_feature_distance,context_current_mismatch_indicator,context_current_parameter_estimate,expanded_action_reconstructed,context_support_distance,action_support_distance,epistemic_excess,predicted_action_loss,predicted_relative_loss,harmful_target
44001,1,harmful,3,1,3,2,0.8217445436507935,0.016663517821969877,2.368441754843893,0.028354377230841287,0.16651911603334027,0.2152944796957062,0.21964562227065268,-0.04877536366236593,-0.05312650623731241,-0.004351142574946482,0.002410292672359588,0.032844358324218295,0.03043406565185871,0.0,0.02014754911509309,0.02014754911509309,0.7814713650050376,0.4119243168102502,12.0,5.7745644627971116,1.0653231569550239,0.4041313522860164,0.92505550288769,1,1.3127864665843472,2.11904877188447,0.8062623053001228,0.16651911603334027,0.0,1
44001,9,beneficial,3,1,1,2,0.7198273809523811,0.0038947207234984677,1.367219509029876,0.024383854506640486,0.16717879052566167,0.17740516657914507,0.17292072592469704,-0.010226376053483394,-0.005741935399035364,0.00448444065444803,6.679023055893917e-06,0.004962859375812056,0.004956180352756162,0.0,0.0,0.0,0.795010076237968,0.2863762779468019,14.0,7.879384310189478,1.342029532679311,0.01672374662134616,0.9194333846081063,1,0.9279836270480246,1.6638316937307622,0.7358480666827376,0.16717879052566167,0.0,0
44001,12,beneficial,3,1,1,2,0.8847564484126981,0.01097084814809621,2.1155726421764194,0.028644689124964248,0.16332981027605367,0.21056950884836148,0.20982263205267043,-0.04723969857230781,-0.04649282177661676,0.0007468767956910483,0.0012290465653299462,0.027838740143172336,0.02660969357784239,0.0,0.0,0.0,0.7781694904723839,0.41139920653000284,10.0,4.912692563952169,1.0907345477350994,0.0867064058143898,0.9243235030267924,1,1.323226204874754,1.9651967389789662,0.6419705341042121,0.16332981027605367,0.0,0
44001,16,beneficial,3,2,2,1,0.7379464285714289,0.0,2.0629378938387033,0.04925168218298187,0.11594303186202161,0.10883105354054574,0.11211644029730448,0.007111978321475865,0.0038265915647171245,-0.0032853867567587403,0.0,0.023884827843391094,0.023884827843391094,0.0,0.0,0.0,0.6753414174622233,0.516797431983437,32.0,8.148622816496854,0.7423967050897616,0.03732684545589215,0.9243381068176053,2,1.3950596292402835,1.8676735752955387,0.4726139460552552,0.10883105354054574,0.0,0
44001,25,beneficial,3,2,2,1,0.9540922619047619,0.0,1.1960480866015615,0.02959117426674018,0.16619797017770643,0.15169474586260248,0.15361607353477913,0.014503224315103952,0.012581896642927304,-0.0019213276721766481,0.0,0.0009426869823052366,0.0009426869823052366,0.0,0.0,0.0,0.7720450451051927,0.29831805016744556,23.0,8.861221010077193,1.1352981109622844,0.21967958517753605,0.9228339308318991,2,1.0120859363538597,1.1217228861287345,0.10963694977487481,0.15169474586260248,0.0,0
44001,27,beneficial,3,2,2,1,0.7083630952380955,2.5837936189317353e-05,2.1193141494226415,0.045084314954711914,0.1094614529948245,0.07042104921747588,0.07222489275126075,0.03904040377734862,0.037236560243563754,-0.001803843533784863,0.0001116828069560547,0.006128306233417921,0.006016623426461866,0.0,0.0,0.0,0.596495403495067,0.4332689504006412,53.0,8.861221010077193,0.6360654692585265,0.12502268252673449,0.9156246840625821,2,1.4501658304713794,1.7672920190711903,0.3171261885998109,0.07042104921747588,0.0,0
44001,33,beneficial,3,2,2,1,0.877982142857143,0.00018657611811991515,2.020821297804011,0.03972549871702764,0.11080867041193757,0.08140884654543445,0.08389149943939526,0.02939982386650311,0.0269171709725423,-0.00248265289396081,0.0004640251268082305,0.007323867779429052,0.006859842652620822,0.0,0.0,0.0,0.549142003200566,0.609156520239056,51.0,6.49123797439421,0.577196721479508,0.012505419375037876,0.9243460247518722,2,1.5940642903995035,1.9188293837264367,0.32476509332693326,0.08140884654543445,0.0,0
44001,45,beneficial,3,1,1,2,0.920607638888889,0.008235201192427028,1.8799656610385973,0.03064666564866979,0.16080238634790378,0.1983022779626494,0.19838259521336868,-0.03749989161474562,-0.0375802088654649,-8.031725071927509e-05,0.000138924737786667,0.007579678695814649,0.007440753958027982,0.0,0.0,0.0,0.7601689342717441,0.36157765548997906,10.0,5.622785264913806,1.0968505567749078,0.0738432048619085,0.9187538953088877,1,0.9438517818571384,1.7872702744253188,0.8434184925681805,0.16080238634790378,0.0,0
44001,47,beneficial,3,1,1,2,0.689447916666667,0.017272461732333072,1.585594438710379,0.043329912769747576,0.06904381451729207,0.07119814191048238,0.07186475825307001,-0.002154327393190311,-0.002820943735777945,-0.0006666163425876337,0.0,0.0072100335781523864,0.0072100335781523864,0.0,0.0,0.0,0.6657571552365391,0.35382930072489127,40.0,5.622785264913806,0.7797343993379826,0.2288110763443333,0.9176689192949017,1,1.236335190785907,2.2585373654295564,1.0222021746436494,0.06904381451729207,0.0,0
44001,70,beneficial,3,2,2,1,0.6663690476190477,0.00013429718043592344,1.8785479970475922,0.030616189947544798,0.07497971282914279,0.074761223166123,0.07911185311153203,0.00021848966301978023,-0.004132140282389243,-0.004350629945409024,0.0008561054252846172,0.0016553514992107203,0.0007992460739261031,0.0,0.0,0.0,0.6411498106112435,0.5829485399619073,38.0,6.361122938861032,0.6915540784807667,0.22184808434997733,0.9254053836149294,2,1.633769103467871,1.9368161303884517,0.3030470269205807,0.074761223166123,0.0,0
44002,3,beneficial,3,2,2,1,0.7089102182539684,2.4063572544434365e-05,2.0467880520897457,0.05965325722378984,0.23578186303433094,0.22936559322665204,0.23287067091216476,0.006416269807678898,0.002911192122166173,-0.0035050776855127252,7.140035989172697e-06,0.0015597774853757782,0.0015526374493866056,0.0,0.0,0.0,0.6621805232954114,0.3720275254384491,4.0,7.879384310189478,1.5186374030612273,0.2270048725502553,0.917368274121192,2,1.4568501795958184,2.3778737895807587,0.9210236099849403,0.22936559322665204,0.0,0
44002,7,beneficial,3,1,1,2,0.8026250000000001,0.0185205838800074,1.6887653921371637,0.04369657813032087,0.18810575343072683,0.21310935421033309,0.21268188661111362,-0.025003600779606255,-0.02457613318038679,0.00042746759921946653,0.0005378236535335462,0.008045970432224419,0.0075081467786908725,0.0,0.0,0.0,0.7811956998313856,0.4165083204821286,10.0,4.912692563952169,1.0907345477350994,0.0867064058143898,0.9243235030267924,1,1.1676751206024452,1.6443550030957887,0.4766798824933436,0.18810575343072683,0.0,0
44002,11,beneficial,3,2,2,1,0.7520059523809524,4.715228345273693e-06,2.1774796451617746,0.05690535516229232,0.12708596509340786,0.11248595213826115,0.11358866753586373,0.014600012955146707,0.013497297557544127,-0.00110271539760258,0.0,0.0006616313475015282,0.0006616313475015282,0.0,0.0,0.0,0.675387911154316,0.5206388512662593,32.0,8.148622816496854,0.7423967050897616,0.03732684545589215,0.9243381068176053,2,1.5587972189523285,1.945815415729868,0.38701819677753946,0.11248595213826115,0.0,0
44002,40,beneficial,3,1,1,2,0.9350059523809524,0.0047609250320191756,1.7025940772542483,0.045543101125860005,0.19052268916614484,0.21125548126102067,0.21295021067745565,-0.02073279209487583,-0.022427521511310805,-0.0016947294164349758,6.4665988735182085e-06,0.0005152008855429907,0.0005087342866694725,0.0,0.0,0.0,0.7605099574731168,0.36561828770763455,10.0,5.622785264913806,1.0968505567749078,0.0738432048619085,0.9187538953088877,1,1.0113676814199626,1.7183034370703816,0.706935755650419,0.19052268916614484,0.0,0
44002,65,beneficial,3,2,2,1,0.7913630952380953,0.00013150456398836494,2.4495229975560595,0.03521671201315114,0.08830184413165788,0.08058728101531587,0.08692492814408527,0.007714563116342013,0.0013769159875726134,-0.0063376471287694,0.00014459291689593345,0.0009480136577017373,0.0008034207408058039,0.0,0.0,0.0,0.6387815815221553,0.5880449495434769,38.0,6.361122938861032,0.6915540784807667,0.22184808434997733,0.9254053836149294,2,1.7742536770795951,2.0919024272766378,0.31764875019704264,0.08058728101531587,0.0,0
44003,3,beneficial,3,2,2,1,0.7879404761904761,0.00013894932994140276,2.1798858857103385,0.030104222504136767,0.12242325830836401,0.11361108972050758,0.1144578334053468,0.008812168587856425,0.007965424903017201,-0.000846743684839224,0.0008407540505611864,0.008866569038312455,0.008025814987751269,0.0,0.0,0.0,0.6728523502424479,0.41467615278011705,30.0,4.912692563952169,0.8968154843212621,0.39183085443051147,0.9243225843361633,2,1.5109301615563049,2.1805613491076676,0.6696311875513627,0.11361108972050758,0.0,0
44003,8,beneficial,3,2,2,1,0.8052023809523812,0.00013894932994140276,2.177009635318626,0.03134539374213381,0.13124971265509902,0.11943118589512397,0.12206877446033607,0.011818526759975051,0.009180938194762955,-0.0026375885652120956,0.000502459693186143,0.004439522616297747,0.0039370629231116035,0.0,0.0,0.0,0.6862654088188727,0.41736575391291636,30.0,5.09200706575872,0.8301000588488668,0.046034465889978185,0.9201791612646568,2,1.3774250159285795,2.1120474252370256,0.7346224093084461,0.11943118589512397,0.0,0
44003,18,harmful,3,2,3,1,0.756495535714286,0.00010197780854718191,2.3159683559495026,0.02340496636269675,0.1608144244340273,0.1419015221278546,0.15757407239673168,0.018912902306172708,0.003240352037295613,-0.015672550268877095,0.00024263003882303227,0.001904212768742899,0.0016615827299198667,0.0,0.033845780081112165,0.033845780081112165,0.6286170306612898,0.5492790655749819,26.0,6.8876662802456226,0.813262581437948,0.41252322618521464,0.9214295048444798,2,1.6299460127433825,2.07411073818679,0.44416472544340757,0.1419015221278546,0.0,1
44003,19,harmful,3,2,3,1,0.9272559523809519,0.00011470039868204043,2.210804522358378,0.025600738768138228,0.11373987795845679,0.09479039692721056,0.10056352224422993,0.018949481031246232,0.013176355714226859,-0.005773125317019373,0.0008446147049197467,0.0018084914108549104,0.0009638767059351636,0.0,0.05375802411073766,0.05375802411073766,0.5922399044251382,0.5997130720043393,36.0,6.8876662802456226,0.6940328175021409,0.03200640575261031,0.91960918301864,2,1.6757622777416348,2.0509198687563064,0.3751575910146716,0.09479039692721056,0.0,1
44003,36,beneficial,3,2,2,1,0.9274999999999999,0.0,1.6078909764001366,0.027280138843395165,0.08251141416173709,0.07675313327898976,0.08531774206133912,0.005758280882747324,-0.002806327899602029,-0.008564608782349353,0.0,0.0005178381821702519,0.0005178381821702519,0.0,0.0,0.0,0.6680140798262727,0.4187728741812497,40.0,5.622785264913806,0.7797343993379826,0.2288110763443333,0.9176689192949017,2,1.2112453482862648,1.7152083740743382,0.5039630257880734,0.07675313327898976,0.0,0
44003,37,harmful,3,1,3,2,0.8796726190476192,0.002655206481109285,1.8683920252077457,0.02545959046772081,0.16007723765101778,0.19422927771680298,0.19341906926205324,-0.034152040065785205,-0.03334183161103546,0.0008102084547497446,0.005542525333783695,0.012094483223440665,0.00655195788965697,0.0,0.072347899417334,0.072347899417334,0.6318831724919813,0.406783921967389,5.0,6.520510802879969,1.535201204366009,0.061870846002411245,0.916537342730825,1,1.0093497068908963,1.2233494154401956,0.21399970854929928,0.16007723765101778,0.0,1
44003,43,harmful,3,2,3,1,0.8922767857142856,0.0004923077810340442,2.4740514835917975,0.023961962382952576,0.1019490196285554,0.10052378144711799,0.1051497937371976,0.001425238181437416,-0.003200774108642196,-0.004626012290079612,0.00170506608839587,0.002921480872787372,0.0012164147843915021,0.0,0.04306249370722756,0.04306249370722756,0.564955018793059,0.6439061213077013,35.0,4.768788219378924,0.7183724140051255,0.565179884572725,0.923620540762804,2,1.8155324215130555,2.3601150438929617,0.5445826223799062,0.10052378144711799,0.0,1
44003,53,beneficial,3,2,2,1,0.9523720238095238,0.005451204528619298,2.49275799169117,0.03175041216393267,0.11850418139918922,0.08642084460677013,0.08894033865895687,0.03208333679241909,0.029563842740232354,-0.002519494052186738,0.002130800560499898,0.006162069210529083,0.004031268650029184,0.0,0.0,0.0,0.5511537064554838,0.6630030260621778,45.0,7.045171433748348,0.4890386037862158,0.3327439467095681,0.9224154399139832,2,1.9331002991065638,2.2971185180613105,0.36401821895474673,0.08642084460677013,0.0,0
44003,59,beneficial,3,2,2,1,0.8081220238095237,8.917032440511334e-05,2.255886313675293,0.02454518472562763,0.08052117080443633,0.08101506767427213,0.092209864660818,-0.0004938968698358082,-0.011688693856381674,-0.011194796986545866,0.0009590937824775693,0.0033177828520514043,0.002358689069573835,0.0,0.0,0.0,0.642980276134398,0.5184786111394774,38.0,6.361122938861032,0.6915540784807667,0.22184808434997733,0.9254053836149294,2,1.6491391908700685,2.2343209986784984,0.5851818078084299,0.08101506767427213,0.0004938968698358082,0
44004,4,beneficial,3,2,2,1,0.9094374999999997,0.00012425965794365804,1.5883209768480004,0.03520169007340748,0.12463296115771884,0.11338188220501277,0.1155725895308919,0.011251078952706065,0.009060371626826935,-0.0021907073258791293,3.966707364925856e-05,0.006559189955680654,0.006519522882031396,0.0,0.0,0.0,0.6757017831981998,0.47695458264595125,30.0,4.912692563952169,0.8968154843212621,0.39183085443051147,0.9243225843361633,2,1.2667872724506335,1.453422657364581,0.1866353849139475,0.11338188220501277,0.0,0
44004,7,beneficial,3,2,2,1,0.8994523809523806,0.0,2.2353338311428437,0.05163742995530712,0.12471006392588707,0.11019845793569917,0.11415927161281818,0.0145116059901879,0.010550792313068894,-0.003960813677119007,1.5292809607905407e-05,0.008948898006079752,0.008933605196471846,0.0,0.0,0.0,0.6832248493824817,0.5043355496965872,32.0,8.148622816496854,0.7423967050897616,0.03732684545589215,0.9243381068176053,2,1.625328611828614,1.8794940936383129,0.2541654818096988,0.11019845793569917,0.0,0
44004,8,harmful,3,1,3,2,0.7683630952380952,0.012475900202512366,1.854451501700143,0.0366718240623487,0.11743457562531139,0.15949531725779836,0.15761691878938125,-0.04206074163248698,-0.040182343164069864,0.001878398468417114,0.00016941569304478523,0.0007741704373957895,0.0006047547443510043,0.0,0.05111366543868609,0.05111366543868609,0.7029581083714989,0.3820205755288852,20.0,5.09200706575872,1.0338854872651193,0.04331431148233018,0.9202543015684178,1,1.187503070128167,1.7607690823710311,0.5732660122428641,0.11743457562531139,0.0,1
44004,16,beneficial,3,2,2,1,0.95265625,0.0,2.157482558704717,0.029120521007991156,0.14396785787290084,0.11597687168048154,0.1178777971167118,0.027990986192419298,0.02609006075618904,-0.001900925436230258,0.0,0.0005014103247409743,0.0005014103247409743,0.0,0.0,0.0,0.7708388900929074,0.3079486572197615,23.0,8.861221010077193,1.1352981109622844,0.21967958517753605,0.9228339308318991,2,1.6626132125145563,1.9949653258203857,0.33235211330582937,0.11597687168048154,0.0,0
44004,18,beneficial,3,2,2,1,0.6233601190476192,0.00018673081818799383,2.2616913239733902,0.042193925123077194,0.09461754991097855,0.0732521195282047,0.0734748522194387,0.021365430382773845,0.021142697691539855,-0.00022273269123398998,1.9888599299921284e-05,0.018021522469782704,0.018001633870482783,0.0,0.0,0.0,0.5957714759248279,0.43987163604373136,53.0,8.861221010077193,0.6360654692585265,0.12502268252673449,0.9156246840625821,2,2.063506090849917,2.3427852128940425,0.2792791220441253,0.0732521195282047,0.0,0
44004,22,harmful,3,2,3,1,0.7461537698412699,0.0,2.1727001187799835,0.04973717500750239,0.16595448061924076,0.16542519012598952,0.1669055004847593,0.0005292904932512332,-0.0009510198655185431,-0.0014803103587697763,0.0,0.0326673008745776,0.0326673008745776,0.0,0.08588736738313907,0.08588736738313907,0.6721137580887373,0.4872073700686263,21.0,6.49123797439421,0.8457780606580698,0.2952545676721676,0.9206813980601712,2,1.288582557172788,1.7392421661689361,0.4506596089961481,0.16542519012598952,0.0,1
44004,25,harmful,3,2,3,1,0.7759394841269841,0.0,2.3388539700693474,0.042182616859069946,0.18018080267884848,0.17871614991748752,0.18144636239210407,0.0014646527613609572,-0.001265559713255593,-0.00273021247461655,0.0,0.037723330710989225,0.037723330710989225,0.0,0.042564203508683146,0.042564203508683146,0.7041531827139099,0.43297047814575573,16.0,7.920617905254036,0.8047131602587925,0.3282792702227417,0.9168004065842508,2,1.3991714885880073,1.8975250173210814,0.49835352873307404,0.17871614991748752,0.0,1
44004,26,harmful,3,2,3,1,0.9288784722222218,0.0002503282384365895,2.3558711136512374,0.03829999542075395,0.1561188587245747,0.12146285414414956,0.12934441919190123,0.03465600458042514,0.026774439532673472,-0.00788156504775167,0.00036195782101409454,0.005878066719198073,0.005516108898183978,0.0,0.042564203508683146,0.042564203508683146,0.6858370133812849,0.5010939294133804,26.0,7.920617905254036,0.6780691664179239,0.542534396943952,0.9199061602788218,2,1.4339513565774333,1.6286018419781634,0.19465048540073004,0.12146285414414956,0.0,1
44004,27,beneficial,3,2,2,1,0.6454107142857143,0.0031801113489683674,2.4346468698763846,0.047808482597669025,0.09700259812843079,0.08635719107524052,0.0887955674785419,0.010645407053190267,0.008207030649888883,-0.0024383764033013844,0.00023269661180907902,0.019375576474870808,0.019142879863061728,0.0,0.0,0.0,0.5685481289144001,0.6453549793058344,46.0,7.920617905254036,0.5104616453561625,0.21879723107468446,0.9243018799850267,2,2.1294811622118934,2.5631976794170788,0.43371651720518534,0.08635719107524052,0.0,0
44004,36,beneficial,3,1,1,2,0.9884999999999999,0.0023714316295461173,2.157033649315138,0.03197641157802774,0.1347632695674113,0.2026515489615235,0.19678810263822197,-0.06788827939411218,-0.062024833070810664,0.005863446323301519,0.0009834762892028822,0.001984938321059661,0.0010014620318567788,0.0,0.0,0.0,0.7596223831448576,0.37121971587303715,10.0,5.622785264913806,1.0968505567749078,0.0738432048619085,0.9187538953088877,1,1.1364042116142372,1.5476835334464363,0.41127932183219906,0.1347632695674113,0.0,0
44004,40,beneficial,3,1,1,2,0.6045505952380948,0.004678499048271863,2.2039687266020724,0.033548414531423335,0.16003787680466883,0.16901943684576134,0.17143181322977485,-0.008981560041092518,-0.011393936425106027,-0.0024123763840135093,0.0005994924770428106,0.003317332586634764,0.002717840109591953,0.0,0.0,0.0,0.7894891370861197,0.36114630395165886,15.0,6.520510802879969,1.2701589126436537,0.12895660555512053,0.9253963027765264,1,1.3611159799247399,1.8428635754342442,0.4817475955095043,0.16003787680466883,0.0,0
44004,54,beneficial,3,2,2,1,0.9453144841269838,6.093566010338288e-06,1.558571326666731,0.035715217017265495,0.13772201210211088,0.1131273917497574,0.11442894801680285,0.024594620352353477,0.023293064085308027,-0.0013015562670454506,0.0,0.009604465579232628,0.009604465579232628,0.0,0.0,0.0,0.7166480834864812,0.45026607303887145,25.0,7.045171433748348,0.7211837165789058,0.2600189912063255,0.9209888033631027,2,1.1774714540591213,1.2427104935352773,0.06523903947615595,0.1131273917497574,0.0,0
44005,0,beneficial,3,2,2,1,0.9263303571428573,0.0,2.3865564589502575,0.015032631930135472,0.12671851236694265,0.10930532217687736,0.11740374944284288,0.017413190190065292,0.009314762924099773,-0.008098427265965519,0.000139681987747588,0.0024292275547425314,0.0022895455669949432,0.0,0.0,0.0,0.7969640540676497,0.3102192969868765,24.0,7.879384310189478,1.1588516836149225,0.31428929144583806,0.9243830131046038,2,1.7373593630171569,2.0669456614968835,0.32958629847972665,0.10930532217687736,0.0,0
44005,3,beneficial,3,2,2,1,0.7651011904761907,0.0003249087286261108,2.485458475790383,0.03212192086926166,0.11963569331247685,0.10886658822152724,0.12281480312432366,0.01076910509094961,-0.0031791098118468114,-0.013948214902796421,0.00044041595243781356,0.006316886244599848,0.005876470292162034,0.0,0.0,0.0,0.6670922371516733,0.5023217881546801,30.0,4.912692563952169,0.8968154843212621,0.39183085443051147,0.9243225843361633,2,1.562240373894253,1.8338331768983234,0.2715928030040704,0.10886658822152724,0.0,0
44005,7,harmful,3,1,3,2,0.8890357142857142,0.004193980657108394,1.8602602355723143,0.025854687370717364,0.12124167874909836,0.15822087077217092,0.16046863085970844,-0.036979192023072566,-0.039226952110610086,-0.0022477600875375203,8.917493861506043e-05,0.0030954640342225974,0.003006289095607537,0.0,0.05007643767911593,0.05007643767911593,0.6937573060430987,0.3853185898104787,20.0,5.09200706575872,1.0338854872651193,0.04331431148233018,0.9202543015684178,1,1.198941788160871,1.6079770513798384,0.4090352632189673,0.12124167874909836,0.0,1
44005,8,beneficial,3,2,2,1,0.7399999999999998,0.00019394353901985598,2.018632943291915,0.02113382812028151,0.11319471339686749,0.10937606102036293,0.11028539339096732,0.0038186523765045555,0.0029093200059001623,-0.0009093323706043932,8.917493861506043e-05,0.001719102747101572,0.0016299278084865114,0.0,0.0,0.0,0.701556377430124,0.3778971638936522,30.0,5.09200706575872,0.8301000588488668,0.046034465889978185,0.9201791612646568,2,1.3557658643211288,1.7649583048883806,0.4091924405672518,0.10937606102036293,0.0,0
44005,10,beneficial,3,1,1,2,0.690592261904762,0.0022164510842896516,2.4676593450474664,0.013425575547269662,0.1838781576239466,0.18933299967834574,0.19031116994211136,-0.005454842054399139,-0.00643301231816476,-0.0009781702637656209,0.0,0.0021251308390450494,0.0021251308390450494,0.0,0.0,0.0,0.668536452056517,0.3400722735042459,6.0,6.278590399769532,1.6430894354230037,0.9167732590097775,0.9143665448752145,1,1.8134941784549645,2.517392097553831,0.7038979190988663,0.1838781576239466,0.0,0
44005,11,beneficial,3,2,2,1,0.8329851190476191,0.0,1.7688958982531133,0.021509859449312912,0.15365281674483788,0.1522148339952482,0.15442727996816463,0.0014379827495896724,-0.000774463223326749,-0.0022124459729164214,0.00013254208146300958,0.0007744985591928062,0.0006419564777297966,0.0,0.0,0.0,0.7738304203539252,0.2837894412053646,16.0,6.278590399769532,1.3939125975940017,0.009824826729866152,0.9198936378884486,2,1.0454307088713932,2.099421728667959,1.0539910197965656,0.1522148339952482,0.0,0
44005,15,beneficial,3,2,2,1,0.9353928571428571,0.0,2.1829157587797647,0.0172029496044868,0.1286409417962113,0.1117003505907354,0.11821835559890884,0.016940591205475905,0.010422586197302464,-0.006518005008173441,9.669571657054745e-06,0.002143878838024619,0.002134209266367564,0.0,0.0,0.0,0.7589035124670329,0.3097893547071884,23.0,8.861221010077193,1.1352981109622844,0.21967958517753605,0.9228339308318991,2,1.7088015713205678,1.8816815983442745,0.17288002702370675,0.1117003505907354,0.0,0
44005,16,beneficial,3,2,2,1,0.89690625,0.0,2.226328522125201,0.013553321215483341,0.1059280481601313,0.10401221989623326,0.10610299829014637,0.0019158282638980367,-0.0001749501300150752,-0.002090778393913112,0.0,0.0036410499841582856,0.0036410499841582856,0.0,0.0,0.0,0.7338521533916256,0.2795807830008556,33.0,8.861221010077193,0.9122447434999887,0.00021453084489993755,0.9194148373660839,2,1.8530108291540976,1.9762941589258287,0.12328332977173106,0.10401221989623326,0.0,0
44005,24,beneficial,3,2,2,1,0.9475892857142856,0.00018997596875706756,2.125889219655981,0.01765494307446348,0.13017710749166456,0.11587991159624667,0.12627571679590188,0.014297195895417891,0.0039013906957626743,-0.010395805199655217,2.4711127568028794e-05,0.00500232422951469,0.004977613101946662,0.0,0.0,0.0,0.6938477313627395,0.47535030330052735,26.0,7.920617905254036,0.6780691664179239,0.542534396943952,0.9199061602788218,2,1.3906843957060657,1.6221392304196969,0.23145483471363115,0.11587991159624667,0.0,0
44005,36,beneficial,3,1,1,2,0.6491884920634924,0.005543685507643445,2.0983899893178677,0.01507552656045602,0.05391604272572996,0.07395347215223119,0.07946358509397985,-0.020037429426501233,-0.025547542368249895,-0.005510112941748663,0.0,0.004313306461372074,0.004313306461372074,0.0,0.0,0.0,0.6610479737226101,0.36729935684611964,40.0,5.622785264913806,0.7797343993379826,0.2288110763443333,0.9176689192949017,1,1.1735450604870161,1.7714369030825714,0.5978918425955553,0.05391604272572996,0.0,0
44005,37,beneficial,3,2,2,1,0.8316413690476189,2.6494499671386418e-05,2.219293076264587,0.01813764362682263,0.18461435345590785,0.1805881339318752,0.18808661986237957,0.004026219524032648,-0.003472266406471719,-0.007498485930504367,1.611595276175791e-05,0.00404124303500705,0.004025127082245292,0.0,0.0,0.0,0.608906189308097,0.3996134873983795,5.0,6.520510802879969,1.535201204366009,0.061870846002411245,0.916537342730825,2,1.2029846645857907,2.0583297300304872,0.8553450654446966,0.1805881339318752,0.0,0
44005,38,beneficial,3,1,1,2,0.736049107142857,0.0048492634172402444,2.0422431507459846,0.02485113729207863,0.15519949824803578,0.17775704953315716,0.1855209224904664,-0.02255755128512138,-0.030321424242430617,-0.007763872957309237,0.0009452105271085787,0.009404046247635101,0.008458835720526522,0.0,0.0,0.0,0.7793406093134447,0.3652784482879071,15.0,6.520510802879969,1.2701589126436537,0.12895660555512053,0.9253963027765264,1,1.3941377133775212,1.6091011949699978,0.21496348159247658,0.15519949824803578,0.0,0
44005,50,beneficial,3,2,2,1,0.964797619047619,4.314078410201235e-05,1.8461532157130158,0.02165639763523371,0.12252464284737855,0.1068111171208995,0.11392433576072183,0.01571352572647905,0.008600307086656711,-0.0071132186398223385,1.611595276175791e-05,0.005576257703624715,0.005560141750862957,0.0,0.0,0.0,0.7240221613815789,0.4328715367383697,25.0,7.045171433748348,0.7211837165789058,0.2600189912063255,0.9209888033631027,2,1.205608777768467,1.369523277033903,0.163914499265436,0.1068111171208995,0.0,0
44005,56,beneficial,3,2,2,1,0.8879017857142856,0.0,1.9661855147162561,0.01219229705167079,0.15306659105583187,0.1493615102948801,0.153721218657948,0.0037050807609517733,-0.0006546276021161257,-0.004359708363067899,4.286353599332388e-05,0.0005587974673076417,0.0005159339313143178,0.0,0.0,0.0,0.7857285123597636,0.3034993590637277,18.0,6.361122938861032,0.9260361803148511,0.05350831711322684,0.9151117046032828,2,1.340884932511585,1.8673260985559614,0.5264411660443764,0.1493615102948801,0.0,0
44006,5,beneficial,3,2,2,1,0.9512271825396826,0.0004714097945796483,2.2331164210003447,0.021899301314023765,0.062059235198480577,0.0422385421399565,0.04247023801143679,0.019820693058524075,0.019588997187043787,-0.00023169587148028775,0.0,0.0012250645206662706,0.0012250645206662706,0.0,0.0,0.0,0.6894713712298739,0.347441128031355,46.0,6.278590399769532,0.9910637876398563,0.11065100638352011,0.9120392470706489,2,1.8599081754587552,2.1835520459927986,0.3236438705340434,0.0422385421399565,0.0,0
44006,13,harmful,3,2,3,1,0.6269712301587301,0.0034018650626860057,2.4161620149852245,0.060761272815963045,0.19020883617880235,0.15881691963261066,0.16071628680243408,0.031391916546191695,0.029492549376368277,-0.0018993671698234182,0.0,0.002604928530142201,0.002604928530142201,0.0,0.05509288960996095,0.05509288960996095,0.666068666475078,0.5165645199022698,21.0,6.49123797439421,0.8457780606580698,0.2952545676721676,0.9206813980601712,2,1.6401029671315441,2.451100424886372,0.810997457754828,0.15881691963261066,0.0,1
44006,30,beneficial,3,2,2,1,0.778831845238095,0.004982422385525841,1.9998757768376443,0.042127627813545086,0.05874422058325006,0.050354661421231114,0.051839866614784735,0.008389559162018945,0.006904353968465324,-0.001485205193553621,0.0,0.004585826652841915,0.004585826652841915,0.0,0.0,0.0,0.6632884812261902,0.4505472701563194,40.0,5.622785264913806,0.7797343993379826,0.2288110763443333,0.9176689192949017,2,1.2162675011714539,1.936523824738797,0.7202563235673431,0.050354661421231114,0.0,0
44006,32,beneficial,3,2,2,1,0.6702956349206349,1.3270985973124345e-05,1.9952976887397291,0.019658532075652456,0.16604585827673188,0.1507193966658501,0.15552915669323833,0.015326461610881775,0.010516701583493548,-0.004809760027388227,0.0,0.0009541279266506709,0.0009541279266506709,0.0,0.0,0.0,0.7860702267903716,0.33712418689365997,15.0,6.520510802879969,1.2701589126436537,0.12895660555512053,0.9253963027765264,2,1.1984240659794858,1.8914560875898236,0.6930320216103378,0.1507193966658501,0.0,0
44006,62,beneficial,3,2,2,1,0.8663749999999999,0.0032731719470061376,2.0950107342790525,0.04295939304858391,0.06890940407216041,0.05615756753357958,0.05831053404713231,0.012751836538580828,0.010598870025028101,-0.0021529665135527273,0.0,0.0036904710847785937,0.0036904710847785937,0.0,0.0,0.0,0.6331672018029448,0.44876531583508655,51.0,7.114455379828495,0.8061606461948218,0.24658768736238285,0.916145410401794,2,1.621773874453686,2.0173570077115386,0.39558313325785255,0.05615756753357958,0.0,0
44006,66,harmful,3,1,3,2,0.8902991071428571,0.0055001731360974394,2.4936441656976633,0.027087746795092328,0.153450206230163,0.16968431778101578,0.18606994306830052,-0.016234111550852776,-0.032619736838137514,-0.01638562528728474,0.0003460786663552186,0.001366174702121651,0.0010200960357664322,0.0,0.06584179081013905,0.06584179081013905,0.8058414256242139,0.3850101288546659,2.0,4.783886377017327,1.283138567580822,0.6100800033445343,0.9248411706086843,1,1.7216554949520895,1.920936683578257,0.19928118862616762,0.153450206230163,0.0,1
44007,10,harmful,3,2,3,1,0.6932708333333334,0.0,2.3930816260809147,0.04630703246686746,0.17710065188626697,0.1546460782544883,0.1561973310833159,0.022454573631778663,0.02090332080295107,-0.0015512528288275929,0.0,0.004475915739652991,0.004475915739652991,0.0,0.08560044261099997,0.08560044261099997,0.6742783061650293,0.42855758336991495,21.0,6.49123797439421,0.8457780606580698,0.2952545676721676,0.9206813980601712,2,1.3683015176867126,2.0167619220528836,0.648460404366171,0.1546460782544883,0.0,1
44007,56,beneficial,3,2,2,1,0.6922261904761904,0.0,1.9862359121464728,0.019461311767258977,0.16902769290884354,0.15350892608891414,0.15528353798696717,0.015518766819929392,0.013744154921876361,-0.00177461189805303,0.0,0.0014807009049658652,0.0014807009049658652,0.0,0.0,0.0,0.7571355714988438,0.2897488534115963,21.0,7.114455379828495,1.0427932668309827,0.3726537429871935,0.9248167963671985,2,1.4253318180877321,2.1329590687890834,0.7076272507013512,0.15350892608891414,0.0,0
44007,58,beneficial,3,2,2,1,0.9533333333333331,0.0,2.3822879249098188,0.04406144789903045,0.06473950514311565,0.06039272948810806,0.06284399454319088,0.004346775655007587,0.0018955105999247657,-0.0024512650550828213,0.0,0.001002603971028704,0.001002603971028704,0.0,0.0,0.0,0.6325793893299415,0.49840789588715323,51.0,7.114455379828495,0.8061606461948218,0.24658768736238285,0.916145410401794,2,1.9056043876393087,2.183501144497256,0.27789675685794735,0.06039272948810806,0.0,0
44007,62,harmful,3,1,3,2,0.8388581349206344,0.015008799705107448,2.224416217342718,0.04164244844607737,0.1630897939329449,0.17926546412307726,0.1957230884175487,-0.016175670190132357,-0.03263329448460381,-0.01645762429447145,0.0,0.004689341814363297,0.004689341814363297,0.0,0.0662866923896189,0.0662866923896189,0.8067385965719852,0.3132745942558223,2.0,4.783886377017327,1.283138567580822,0.6100800033445343,0.9248411706086843,1,1.7471366785910512,1.8968973451550546,0.14976066656400344,0.1630897939329449,0.0,1
44007,67,beneficial,3,1,1,2,0.6481354166666672,0.014186643698112613,2.454340687624201,0.03855158508534,0.0507298673290917,0.06133394468299814,0.06503483295686531,-0.010604077353906435,-0.014304965627773607,-0.0037008882738671714,0.0,0.002472295888547259,0.002472295888547259,0.0,0.0,0.0,0.6878056176097161,0.3428271599044813,36.0,5.164998282601772,0.972937623987973,0.406528794257458,0.9167682944996732,1,1.4419554742184222,2.241431000755962,0.7994755265375397,0.0507298673290917,0.0,0
44008,22,beneficial,3,2,2,1,0.65925,0.0,1.8632751700376886,0.0334440598139342,0.2185127539891576,0.20726151521926897,0.20798798513035088,0.011251238769888622,0.01052476885880671,-0.0007264699110819117,0.0,0.002050868999971426,0.002050868999971426,0.0,0.0,0.0,0.6190301079655308,0.3866939408169078,5.0,6.520510802879969,1.535201204366009,0.061870846002411245,0.916537342730825,2,1.3497550562795813,2.090039084383658,0.7402840281040766,0.20726151521926897,0.0,0
44008,54,beneficial,3,2,2,1,0.9691517857142858,2.3151959793288767e-05,2.171388821600788,0.05633189008245389,0.07984922502708758,0.06062820925796863,0.06211067659674908,0.01922101576911895,0.0177385484303385,-0.0014824673387804493,1.720401743612408e-05,0.004091249012338582,0.004074044994902458,0.0,0.0,0.0,0.6282711737951223,0.5128779233332751,51.0,7.114455379828495,0.8061606461948218,0.24658768736238285,0.916145410401794,2,1.8998273898874882,2.0318287107712143,0.13200132088372607,0.06062820925796863,0.0,0
44008,58,harmful,3,1,3,2,0.7884052579365075,0.006342681162932486,2.3336391534242273,0.025062308055856356,0.1714990626418606,0.19469460081281106,0.20797918509034868,-0.023195538170950464,-0.036480122448488084,-0.01328458427753762,0.00036681682874049074,0.01250713918564761,0.01214032235690712,0.0,0.06550338329153715,0.06550338329153715,0.8119656178649106,0.31581624734427843,2.0,4.783886377017327,1.283138567580822,0.6100800033445343,0.9248411706086843,1,1.7326342409257773,2.0407568445980844,0.30812260367230704,0.1714990626418606,0.0,1
44010,4,beneficial,3,2,2,1,0.6196393849206352,0.010243485782663765,2.113686463290881,0.05383014318522995,0.11581790762924962,0.08978690710964811,0.09242254290802497,0.026031000519601513,0.02339536472122465,-0.002635635798376862,0.0014737030999510889,0.013048844494658991,0.011575141394707902,0.0,0.0,0.0,0.5675869833993444,0.6552945276391021,46.0,7.920617905254036,0.5104616453561625,0.21879723107468446,0.9243018799850267,2,1.750415674602364,1.9875922006243925,0.23717652602202843,0.08978690710964811,0.0,0
