condition,true_class,seed,predicted_class,classification_margin,correct,accepted,accepted_correct,measurement_noise_score,process_disturbance_score,parameter_mismatch_score,structural_change_score
measurement_noise_0.75,measurement_noise,0,measurement_noise,0.14064542530946023,True,False,False,0.5624785979811038,0.0,0.42183317267164355,0.2307777754541872
measurement_noise_0.75,measurement_noise,1,measurement_noise,0.2933490666448578,True,False,False,0.7039928197824341,0.0634544450024992,0.155717416065542,0.4106437531375763
measurement_noise_0.75,measurement_noise,2,measurement_noise,0.20961113886161087,True,False,False,0.6155514990592273,0.04240448067636893,0.4059403601976165,0.23135713111167733
measurement_noise_0.75,measurement_noise,3,measurement_noise,0.23891928178252264,True,False,False,0.702307450438313,0.04246751423540687,0.06255095401232724,0.46338816865579036
measurement_noise_0.75,measurement_noise,4,measurement_noise,0.2511773544577086,True,False,False,0.7158605061487874,0.29451347679730294,0.46468315169107877,0.3830281496454874
measurement_noise_0.75,measurement_noise,5,measurement_noise,0.0636579480172389,True,False,False,0.9654365822498143,0.6599910967641749,0.3074857623637429,0.9017786342325754
measurement_noise_0.75,measurement_noise,6,measurement_noise,0.6323929515179753,True,True,True,1.2077519500781193,0.022271368169861916,0.575358998560144,0.2724482036801006
measurement_noise_0.75,measurement_noise,7,measurement_noise,0.1971044749747467,True,False,False,0.31832597731719114,0.0,0.0,0.12122150234244443
measurement_noise_0.75,measurement_noise,8,measurement_noise,0.13236013949051384,True,False,False,0.8561209456371905,0.2926657415707115,0.7237608061466767,0.4508599805485645
measurement_noise_0.75,measurement_noise,9,parameter_mismatch,0.16161218559316604,False,False,False,0.44134322325699105,0.2802409891886421,0.6560246138085437,0.4944124282153777
measurement_noise_0.75,measurement_noise,10,structural_change,0.20120286456389458,False,False,False,0.7519887103386588,0.759818733360319,0.4985150373646089,0.9610215979242136
measurement_noise_0.75,measurement_noise,11,measurement_noise,0.6696892269409205,True,True,True,0.9058369618952803,0.0,0.10179430775926457,0.23614773495435984
measurement_noise_0.75,measurement_noise,12,measurement_noise,0.3058941014060754,True,True,True,0.5256452770065263,0.010187605909873776,0.21975117560045088,0.21254717107957882
measurement_noise_0.75,measurement_noise,13,structural_change,0.22336808400813335,False,False,False,0.48101229226172415,0.776754690556885,0.29939169256933895,1.0001227745650183
measurement_noise_0.75,measurement_noise,14,measurement_noise,0.1403214278506727,True,False,False,0.8527883672921988,0.4485804349338568,0.47024313213817237,0.7124669394415261
measurement_noise_0.75,measurement_noise,15,measurement_noise,0.13704510845916007,True,False,False,0.7535108415854411,0.44313164542591654,0.04388058182524435,0.6164657331262811
measurement_noise_0.75,measurement_noise,16,measurement_noise,0.5403241177815596,True,True,True,1.004702528356174,0.0,0.46437841057461426,0.1794374336856896
measurement_noise_0.75,measurement_noise,17,parameter_mismatch,0.0728370335745212,False,False,False,0.6001078206784758,0.0,0.672944854252997,0.13937963305561785
measurement_noise_0.75,measurement_noise,18,measurement_noise,0.8661272031135813,True,True,True,1.4646381800723054,0.0,0.5985109769587241,0.2197630248694458
measurement_noise_0.75,measurement_noise,19,structural_change,0.05671256128158125,False,False,False,0.2485066556757654,0.05373493325782297,0.2,0.30521921695734666
measurement_noise_0.75,measurement_noise,20,measurement_noise,0.311954024367989,True,True,True,0.5744634855018244,0.05961016189676395,0.26250946113383533,0.24193428656039273
measurement_noise_0.75,measurement_noise,21,measurement_noise,0.23963805048357378,True,False,False,0.7536704563008823,0.0,0.5140324058173085,0.16780878022335438
measurement_noise_0.75,measurement_noise,22,measurement_noise,0.23390255037034202,True,False,False,0.6549262783799599,0.0,0.42102372800961785,0.18598583104919678
measurement_noise_0.75,measurement_noise,23,measurement_noise,0.2890560874792467,True,False,False,0.7180884375112684,0.13760035641253043,0.42903235003202167,0.35822604996552626
measurement_noise_0.75,measurement_noise,24,measurement_noise,0.6340094298425817,True,True,True,1.2844467261151258,0.0,0.6504372962725441,0.2729181772850961
measurement_noise_0.75,measurement_noise,25,measurement_noise,0.49182906471400956,True,True,True,0.7767980845608318,0.0,0.2849690198468222,0.2557909676989557
measurement_noise_0.75,measurement_noise,26,measurement_noise,0.22664775740525211,True,False,False,0.8688592809399049,0.0,0.6422115235346528,0.17905342207642067
measurement_noise_0.75,measurement_noise,27,measurement_noise,0.5722033933210486,True,True,True,0.8654224635716694,0.0,0.2932190702506208,0.2465271414273465
measurement_noise_0.75,measurement_noise,28,process_disturbance,0.17140051018070446,False,False,False,0.17313725258458557,0.7755905405490556,0.10356919016827221,0.6041900303683512
measurement_noise_0.75,measurement_noise,29,measurement_noise,0.10218647740369857,True,False,False,0.724153544906728,0.38401190261116513,0.003817029659521798,0.6219670675030294
measurement_noise_0.75,measurement_noise,30,measurement_noise,0.1082415797483324,True,False,False,0.3130968213789693,0.03360466797035522,0.18863157228847305,0.20485524163063693
measurement_noise_0.75,measurement_noise,31,measurement_noise,0.6015778871363457,True,True,True,1.3809910511583525,0.5653514350177375,0.6474564643825835,0.7794131640220068
measurement_noise_0.75,measurement_noise,32,measurement_noise,0.46001998477592665,True,True,True,0.9471600843373418,0.24779163908685603,0.3535807744102115,0.48714009956141513
measurement_noise_0.75,measurement_noise,33,parameter_mismatch,0.08386821418522683,False,False,False,0.4151440608191902,0.03705014867000496,0.499012275004417,0.26559590855400383
measurement_noise_0.75,measurement_noise,34,structural_change,0.17637043992074763,False,False,False,0.8801690740289688,0.8709219214744175,0.39068168934237857,1.0565395139497165
measurement_noise_0.75,measurement_noise,35,process_disturbance,0.5086675867668715,False,True,False,0.24365602475836226,1.7360813062682219,0.0,1.2274137195013504
measurement_noise_0.75,measurement_noise,36,measurement_noise,0.46967645010177356,True,True,True,0.708566664460847,0.0,0.13162069289822442,0.23889021435907348
measurement_noise_0.75,measurement_noise,37,measurement_noise,0.43787751240127104,True,True,True,0.9438656870153579,0.0,0.5059881746140868,0.31324948264003466
measurement_noise_0.75,measurement_noise,38,measurement_noise,0.4736315312386046,True,True,True,1.1143219445688743,0.0,0.6406904133302698,0.17556254808403818
measurement_noise_0.75,measurement_noise,39,measurement_noise,0.15023088952868813,True,False,False,0.8061787019416436,0.0,0.6559478124129555,0.14319339363513311
measurement_noise_0.75,measurement_noise,40,measurement_noise,0.07412095092370552,True,False,False,0.5133353010899603,0.2118521720825464,0.0,0.43921435016625476
measurement_noise_0.75,measurement_noise,41,measurement_noise,0.6607074381435654,True,True,True,0.9836865448698278,0.06114873480561042,0.11342906708976708,0.3229791067262624
measurement_noise_0.75,measurement_noise,42,measurement_noise,0.3483610919857185,True,True,True,0.9238069901363967,0.0,0.5754458981506781,0.179901679951362
measurement_noise_0.75,measurement_noise,43,measurement_noise,0.6255260647495892,True,True,True,0.8903508918500004,0.05527589485076695,0.008613653066176896,0.2648248271004112
measurement_noise_0.75,measurement_noise,44,measurement_noise,0.46155790457449775,True,True,True,0.9381482670524512,0.0,0.4765903624779535,0.19939972672806205
measurement_noise_0.75,measurement_noise,45,measurement_noise,0.38995784483168405,True,True,True,0.8136231060544314,0.0,0.4236652612227474,0.1906346277227807
measurement_noise_0.75,measurement_noise,46,measurement_noise,0.3356470552821389,True,True,True,0.9202094454792872,0.0,0.5845623901971483,0.24705065063931483
measurement_noise_0.75,measurement_noise,47,measurement_noise,0.49429813114602084,True,True,True,1.1261679353586151,0.0,0.6318698042125943,0.20054876821867107
measurement_noise_0.75,measurement_noise,48,structural_change,0.02836645957218309,False,False,False,0.674761705240865,0.6304188772781525,0.21318014809683983,0.7031281648130481
measurement_noise_0.75,measurement_noise,49,measurement_noise,0.15631889392290388,True,False,False,1.1045721522208143,0.7013386268360765,0.6025847187466474,0.9482532582979104
measurement_noise_1.25,measurement_noise,0,measurement_noise,1.5461869950509912,True,True,True,1.9233049134338565,0.0,0.3253474134264699,0.3771179183828653
measurement_noise_1.25,measurement_noise,1,measurement_noise,1.0102944337753321,True,True,True,1.5856733349631802,0.03970666334215173,0.06223912076679727,0.575378901187848
measurement_noise_1.25,measurement_noise,2,measurement_noise,0.9489099931337762,True,True,True,1.4530241586092854,0.020150646138480693,0.5041141654755091,0.3474376739004038
measurement_noise_1.25,measurement_noise,3,measurement_noise,1.1199013889757599,True,True,True,1.7994808878561004,0.0,0.0,0.6795794988803405
measurement_noise_1.25,measurement_noise,4,measurement_noise,1.44323088375871,True,True,True,2.0395926585268516,0.1989903338696833,0.5963617747681416,0.47085583519943885
measurement_noise_1.25,measurement_noise,5,measurement_noise,0.8328899192104904,True,True,True,1.8831916166968878,0.6635452533454955,0.5880497749181104,1.0503016974863975
measurement_noise_1.25,measurement_noise,6,measurement_noise,1.4673023020119147,True,True,True,1.9956978061985304,0.0,0.5283955041866157,0.43962607030142
measurement_noise_1.25,measurement_noise,7,measurement_noise,1.0786114908879438,True,True,True,1.3243962431274716,0.0,0.0,0.24578475223952773
measurement_noise_1.25,measurement_noise,8,measurement_noise,1.6190233021041436,True,True,True,2.356936389962361,0.3166446817676833,0.7379130878582176,0.5554213215190458
measurement_noise_1.25,measurement_noise,9,measurement_noise,1.0597979673760647,True,True,True,1.8308726338492056,0.3098811991802525,0.4584098774086962,0.7710746664731409
measurement_noise_1.25,measurement_noise,10,measurement_noise,0.5485412704941957,True,True,True,1.6328422702072365,0.7386762179015283,0.39061968718359563,1.0843009997130408
measurement_noise_1.25,measurement_noise,11,measurement_noise,1.3954668664146408,True,True,True,1.7887179278431378,0.0,0.14167649061236987,0.39325106142849686
measurement_noise_1.25,measurement_noise,12,measurement_noise,1.4360864836385585,True,True,True,1.8181021465409664,0.0,0.16125573956504602,0.38201566290240774
measurement_noise_1.25,measurement_noise,13,measurement_noise,0.8322501560579864,True,True,True,1.7527450505347573,0.5399290163972084,0.003887118512755583,0.9204948944767709
measurement_noise_1.25,measurement_noise,14,measurement_noise,0.7422240740110695,True,True,True,1.62194120515541,0.44937082122505273,0.4563566800963811,0.8797171311443406
measurement_noise_1.25,measurement_noise,15,measurement_noise,0.9255527659926648,True,True,True,1.9042108900849577,0.9786581240922929,0.044187125959306295,0.9764147077001548
measurement_noise_1.25,measurement_noise,16,measurement_noise,1.474366946646903,True,True,True,1.8422429205545865,0.0,0.3678759739076837,0.287608568577703
measurement_noise_1.25,measurement_noise,17,measurement_noise,1.2548505487702546,True,True,True,1.9930359368597268,0.0,0.7381853880894722,0.2604883719136427
measurement_noise_1.25,measurement_noise,18,measurement_noise,1.7270822570755773,True,True,True,2.3069667162557197,0.0,0.5798844591801424,0.3582465713116899
measurement_noise_1.25,measurement_noise,19,measurement_noise,0.8070508819251209,True,True,True,1.4852567662589,0.06766435579272198,0.0,0.6782058843337792
measurement_noise_1.25,measurement_noise,20,measurement_noise,1.2115454019536367,True,True,True,1.5529677351684315,0.0,0.2540237755882062,0.34142233321479465
measurement_noise_1.25,measurement_noise,21,measurement_noise,1.2497266330826435,True,True,True,1.8642677301260195,0.0,0.614541097043376,0.26782005985896257
measurement_noise_1.25,measurement_noise,22,measurement_noise,1.2854734526655842,True,True,True,1.619314882159955,0.007868179627438382,0.3338414294943708,0.3289235061900446
measurement_noise_1.25,measurement_noise,23,measurement_noise,1.1659549582696342,True,True,True,1.7169803546619187,0.1878226989367746,0.4904454440041406,0.5510253963922844
measurement_noise_1.25,measurement_noise,24,measurement_noise,1.5281722655175063,True,True,True,2.129871302204508,0.0,0.601699036687002,0.5030572850063432
measurement_noise_1.25,measurement_noise,25,measurement_noise,1.2219962710753598,True,True,True,1.657230020469801,0.0,0.19066833656469884,0.4352337493944412
measurement_noise_1.25,measurement_noise,26,measurement_noise,1.1590303377499187,True,True,True,1.8661718664143985,0.0,0.7071415286644797,0.27215775736236836
measurement_noise_1.25,measurement_noise,27,measurement_noise,1.2764806525355363,True,True,True,1.6933125484920937,0.0,0.267790340198543,0.4168318959565573
measurement_noise_1.25,measurement_noise,28,measurement_noise,0.1660932289200422,True,False,False,1.0110116163896312,0.8402917904527171,0.0,0.844918387469589
measurement_noise_1.25,measurement_noise,29,measurement_noise,1.0208038430683146,True,True,True,1.6896568249080044,0.2624564258833144,0.0,0.6688529818396898
measurement_noise_1.25,measurement_noise,30,measurement_noise,0.8027339160719937,True,True,True,1.1696995568457378,0.0055045543003352515,0.10473871611744934,0.366965640773744
measurement_noise_1.25,measurement_noise,31,measurement_noise,1.4933576694794533,True,True,True,2.451312070277666,0.5793663431491862,0.7369107724770303,0.9579544007982127
measurement_noise_1.25,measurement_noise,32,measurement_noise,0.9393801589964167,True,True,True,1.521289805281961,0.21155637683582482,0.28594155224028417,0.5819096462855443
measurement_noise_1.25,measurement_noise,33,measurement_noise,0.9168238236917785,True,True,True,1.3466371259207077,0.03536576754696416,0.4298133022289292,0.35218388132189593
measurement_noise_1.25,measurement_noise,34,measurement_noise,0.7921268950911071,True,True,True,1.9405112574918812,0.881903409549684,0.4868893221354851,1.1483843624007741
measurement_noise_1.25,measurement_noise,35,process_disturbance,0.5589499914258644,False,True,False,1.6331935415683003,2.1976038047741397,0.0,1.6386538133482753
measurement_noise_1.25,measurement_noise,36,measurement_noise,1.1268111384450479,True,True,True,1.5350568755762684,0.0,0.0015121822559832632,0.40824573713122037
measurement_noise_1.25,measurement_noise,37,measurement_noise,1.126294047722748,True,True,True,1.8448698091099698,0.11729138318495069,0.7185757613872217,0.6374475972070456
measurement_noise_1.25,measurement_noise,38,measurement_noise,1.3431436143382123,True,True,True,1.9589111130169785,0.0,0.6157674986787663,0.29464019185681345
measurement_noise_1.25,measurement_noise,39,measurement_noise,1.325628197624524,True,True,True,2.020929650480249,0.0,0.6953014528557249,0.24944707409064315
measurement_noise_1.25,measurement_noise,40,measurement_noise,1.135759022834804,True,True,True,1.7425747716469668,0.2335585184958882,0.0,0.6068157488121629
measurement_noise_1.25,measurement_noise,41,measurement_noise,1.5059577383405554,True,True,True,1.945956084122582,0.006286744385318982,0.05791314955660165,0.4399983457820267
measurement_noise_1.25,measurement_noise,42,measurement_noise,1.2761872507390801,True,True,True,1.8844824963821103,0.0,0.6082952456430302,0.31921333161713467
measurement_noise_1.25,measurement_noise,43,measurement_noise,1.4779410737754193,True,True,True,1.8515516381532946,0.03607381936759718,0.0,0.3736105643778754
measurement_noise_1.25,measurement_noise,44,measurement_noise,1.4078468395076404,True,True,True,1.8857443842403343,0.0,0.47789754473269386,0.3285421876516704
measurement_noise_1.25,measurement_noise,45,measurement_noise,1.359582184682889,True,True,True,1.7408299470358344,0.0,0.38124776235294544,0.3336303066483196
measurement_noise_1.25,measurement_noise,46,measurement_noise,1.38623036039727,True,True,True,1.9756203927708698,0.0,0.5893900323735998,0.36610955954825397
measurement_noise_1.25,measurement_noise,47,measurement_noise,1.3957744256559443,True,True,True,2.0251625911476747,0.0,0.6293881654917304,0.30039514142187207
measurement_noise_1.25,measurement_noise,48,measurement_noise,0.8793395376831448,True,True,True,1.7097838225153978,0.7567118478346436,0.04039248740439083,0.8304442848322531
measurement_noise_1.25,measurement_noise,49,measurement_noise,1.0756083503491922,True,True,True,2.1147723251645907,0.6452050550241092,0.5669536151226446,1.0391639748153985
process_disturbance_2.0,process_disturbance,0,structural_change,0.12091968881245996,False,False,False,0.25,1.203565039753745,0.11582286328651864,1.324484728566205
process_disturbance_2.0,process_disturbance,1,process_disturbance,2.6662233508338553,True,True,True,0.125,5.64488662001657,0.24072651065001582,2.978663269182715
process_disturbance_2.0,process_disturbance,2,process_disturbance,0.15858942626658645,True,False,False,0.375,0.9613779007544053,0.36525910530071515,0.8027884744878189
process_disturbance_2.0,process_disturbance,3,parameter_mismatch,0.510380430575902,False,True,False,0.4349987155461036,0.3685509367383713,1.1249432123550889,0.6145627817791869
process_disturbance_2.0,process_disturbance,4,process_disturbance,0.37745697101115927,True,True,True,0.25,1.7617279799169943,0.08250709324379968,1.384271008905835
process_disturbance_2.0,process_disturbance,5,structural_change,0.02183933741818178,False,False,False,0.7664409973822748,0.8408011075028732,0.9945588894652595,1.0163982268834413
process_disturbance_2.0,process_disturbance,6,process_disturbance,1.1454866394481868,True,True,True,0.2510146847313246,3.012562269898341,0.16840595017797044,1.8670756304501541
process_disturbance_2.0,process_disturbance,7,process_disturbance,0.5690407544967994,True,True,True,0.25,1.1427797738709136,0.2442217148022927,0.5737390193741142
process_disturbance_2.0,process_disturbance,8,process_disturbance,0.22461867296926252,True,False,False,0.0,0.9386922047760438,0.6485887172280695,0.7140735318067812
process_disturbance_2.0,process_disturbance,9,process_disturbance,0.7250755473673323,True,True,True,0.0,2.012762991179809,0.3011749573058581,1.2876874438124766
process_disturbance_2.0,process_disturbance,10,process_disturbance,0.8723727930613583,True,True,True,0.0,3.240161012637093,0.7291084998311881,2.367788219575735
process_disturbance_2.0,process_disturbance,11,process_disturbance,0.6635366499833988,True,True,True,0.0,1.7742242836605362,0.3773194817689063,1.1106876336771374
process_disturbance_2.0,process_disturbance,12,process_disturbance,1.3173016805712465,True,True,True,0.0,2.770004757408799,0.7046664874471185,1.4527030768375524
process_disturbance_2.0,process_disturbance,13,process_disturbance,0.6074692897327683,True,True,True,0.125,2.0230835266043674,0.23786814447504362,1.4156142368715992
process_disturbance_2.0,process_disturbance,14,process_disturbance,0.8785765696266954,True,True,True,0.25,2.3301947586171754,0.2548197437774289,1.45161818899048
process_disturbance_2.0,process_disturbance,15,structural_change,0.03827014972272891,False,False,False,0.375,0.5914238688222783,0.12921882937509377,0.6296940185450072
process_disturbance_2.0,process_disturbance,16,process_disturbance,0.7087096063800524,True,True,True,0.40871696188571494,1.7974867224259683,0.1513979280623967,1.0887771160459159
process_disturbance_2.0,process_disturbance,17,process_disturbance,0.7835584315641877,True,True,True,0.5,2.0180013437132107,0.09338803586274763,1.234442912149023
process_disturbance_2.0,process_disturbance,18,process_disturbance,0.42466823307648105,True,True,True,0.6570263898918387,1.452784016201204,0.1212614859075849,1.028115783124723
process_disturbance_2.0,process_disturbance,19,process_disturbance,0.7220923093832563,True,True,True,0.0,1.8415054446148407,0.2882639038090529,1.1194131352315844
process_disturbance_2.0,process_disturbance,20,process_disturbance,1.4478005256526085,True,True,True,0.125,3.3649118669455094,0.5160302600368099,1.9171113412929008
process_disturbance_2.0,process_disturbance,21,parameter_mismatch,0.1160834615120121,False,False,False,0.0,0.7761546462414532,0.8922381077534653,0.7295480200786697
process_disturbance_2.0,process_disturbance,22,process_disturbance,1.70592074984917,True,True,True,0.0,3.5100954242034437,0.4634536695385342,1.8041746743542737
process_disturbance_2.0,process_disturbance,23,parameter_mismatch,0.4809686959295182,False,True,False,0.4785231742390099,0.0829413116679668,0.9594918701685281,0.22473636623691756
process_disturbance_2.0,process_disturbance,24,process_disturbance,0.39538908497422987,True,True,True,0.33265929163703056,1.1431405940102228,0.23575891801769822,0.747751509035993
process_disturbance_2.0,process_disturbance,25,parameter_mismatch,0.14754520943542104,False,False,False,0.7682929799481442,0.03238852543250109,0.9158381893835652,0.24468434357185084
process_disturbance_2.0,process_disturbance,26,process_disturbance,1.3233618447677316,True,True,True,0.0,2.6082319500362057,0.46163533253515093,1.2848701052684741
process_disturbance_2.0,process_disturbance,27,structural_change,0.07539123805766268,False,False,False,0.375,0.5031903286288655,0.13775722299685222,0.5785815666865282
process_disturbance_2.0,process_disturbance,28,process_disturbance,0.03368077494816801,True,False,False,0.0,1.1761338631741152,0.6948219551184304,1.1424530882259472
process_disturbance_2.0,process_disturbance,29,structural_change,0.0417099657407074,False,False,False,0.0,1.4630956060394578,0.6092625138344758,1.5048055717801652
process_disturbance_2.0,process_disturbance,30,process_disturbance,1.3548123328948676,True,True,True,0.125,3.053146253938404,0.21791429013853775,1.6983339210435364
process_disturbance_2.0,process_disturbance,31,process_disturbance,0.9476176049035034,True,True,True,0.36142397051157676,2.514426165762528,0.21522986873369754,1.5668085608590245
process_disturbance_2.0,process_disturbance,32,parameter_mismatch,0.068607695966653,False,False,False,0.19452283232669698,0.3425967776042654,0.544522832326697,0.47591513636004396
process_disturbance_2.0,process_disturbance,33,process_disturbance,0.03946085559971446,True,False,False,0.125,0.38039265025241215,0.10351331585948548,0.3409317946526977
process_disturbance_2.0,process_disturbance,34,process_disturbance,0.09737352002065458,True,False,False,0.5891188197001993,0.6864923397208539,0.5111164880863208,0.5543051700972659
process_disturbance_2.0,process_disturbance,35,process_disturbance,1.5637636093912306,True,True,True,0.0,4.070307141577974,0.4975542949755017,2.5065435321867433
process_disturbance_2.0,process_disturbance,36,process_disturbance,0.5277555360272579,True,True,True,0.5,1.0825711833873637,0.3072964501482513,0.5548156473601058
process_disturbance_2.0,process_disturbance,37,parameter_mismatch,0.010361312036120562,False,False,False,0.4429734505806264,0.3603889529334122,0.5852824497404792,0.5749211377043586
process_disturbance_2.0,process_disturbance,38,measurement_noise,0.08317780970137711,False,False,False,0.5008988290346321,0.26865404205596594,0.417721019333255,0.4173128552637182
process_disturbance_2.0,process_disturbance,39,process_disturbance,1.9617255594605494,True,True,True,0.375,3.552712487580178,0.16875946675648668,1.5909869281196287
process_disturbance_2.0,process_disturbance,40,process_disturbance,0.20415767148379482,True,False,False,0.42814128325575296,1.1025373378493106,0.5181184185460137,0.8983796663655158
process_disturbance_2.0,process_disturbance,41,process_disturbance,0.24123720015921735,True,False,False,0.01606040803594433,0.8366771994956141,0.4945878985329995,0.5954399993363968
process_disturbance_2.0,process_disturbance,42,process_disturbance,1.442810413681599,True,True,True,0.5,3.430253081981471,0.26205124106694927,1.987442668299872
process_disturbance_2.0,process_disturbance,43,process_disturbance,0.6178056894185124,True,True,True,0.625,1.2428056894185124,0.24010505012476813,0.4221279076335541
process_disturbance_2.0,process_disturbance,44,process_disturbance,0.8908278490269117,True,True,True,0.0,2.1573028371223404,0.4187262879172575,1.2664749880954287
process_disturbance_2.0,process_disturbance,45,process_disturbance,0.1765708033557648,True,False,False,0.25,0.6923592597022206,0.10943777754608847,0.5157884563464558
process_disturbance_2.0,process_disturbance,46,process_disturbance,0.22090884394942,True,False,False,0.375,0.9731984960041424,0.2203071282276472,0.7522896520547224
process_disturbance_2.0,process_disturbance,47,process_disturbance,0.13902540674828856,True,False,False,0.5,0.6390254067482886,0.08188018474140635,0.4689280327215572
process_disturbance_2.0,process_disturbance,48,process_disturbance,0.14925923437545885,True,False,False,0.375,1.4944400367735111,0.0660320099381384,1.3451808023980523
process_disturbance_2.0,process_disturbance,49,structural_change,0.10443735613985816,False,False,False,0.5,1.0545350257154429,0.0,1.158972381855301
process_disturbance_4.0,process_disturbance,0,process_disturbance,4.115505854275254,True,True,True,0.25,8.474247757114682,0.49602448832876156,4.358741902839428
process_disturbance_4.0,process_disturbance,1,process_disturbance,9.541305847991808,True,True,True,0.125,17.86322059342711,0.8537069543534807,8.3219147454353
process_disturbance_4.0,process_disturbance,2,process_disturbance,3.056239836698769,True,True,True,0.375,6.150788429479372,0.3928807886765788,3.0945485927806033
process_disturbance_4.0,process_disturbance,3,process_disturbance,2.0570504577178363,True,True,True,0.0,4.166363477252,0.6706257621130627,2.109313019534164
process_disturbance_4.0,process_disturbance,4,process_disturbance,6.1067227095747665,True,True,True,0.25,11.776200558390826,0.5061568072844957,5.66947784881606
process_disturbance_4.0,process_disturbance,5,process_disturbance,1.2730086789696835,True,True,True,0.40476401299235026,3.2479402211644848,0.5183179175445976,1.9749315421948013
process_disturbance_4.0,process_disturbance,6,process_disturbance,7.3971454181012675,True,True,True,0.25,13.946268769379573,0.6401037946646637,6.549123351278306
process_disturbance_4.0,process_disturbance,7,process_disturbance,5.045676123063479,True,True,True,0.25,9.110298278242128,0.5248904545796356,4.064622155178649
process_disturbance_4.0,process_disturbance,8,process_disturbance,5.8256041036161275,True,True,True,0.0297728847998473,10.831732783207656,1.0906050967270196,5.006128679591528
process_disturbance_4.0,process_disturbance,9,process_disturbance,6.522480253674004,True,True,True,0.0,12.24315362587422,0.8277134085531281,5.720673372200215
process_disturbance_4.0,process_disturbance,10,process_disturbance,6.692609939451991,True,True,True,0.0040861394511182425,13.289908234697183,1.2237431904468714,6.597298295245192
process_disturbance_4.0,process_disturbance,11,process_disturbance,5.888839134904583,True,True,True,0.0,11.032813812263596,0.7678201561437565,5.1439746773590125
process_disturbance_4.0,process_disturbance,12,process_disturbance,6.660697847051184,True,True,True,0.008894921937029565,12.186627753844952,1.110913591921975,5.525929906793769
process_disturbance_4.0,process_disturbance,13,process_disturbance,6.332805374129373,True,True,True,0.1530231639950137,11.917654681432527,0.7475421601331544,5.584849307303154
process_disturbance_4.0,process_disturbance,14,process_disturbance,6.739059077046232,True,True,True,0.25,12.588560085687302,0.6724741486328569,5.84950100864107
process_disturbance_4.0,process_disturbance,15,process_disturbance,3.543636478287666,True,True,True,0.375,7.173098550561748,0.4132913204728337,3.6294620722740816
process_disturbance_4.0,process_disturbance,16,process_disturbance,4.7038855212167325,True,True,True,0.38704018054068967,8.768652128392826,0.4740248536022942,4.064766607176094
process_disturbance_4.0,process_disturbance,17,process_disturbance,5.685802341673632,True,True,True,0.5,10.755195376315688,0.43621077658656954,5.069393034642056
process_disturbance_4.0,process_disturbance,18,process_disturbance,4.511968934033661,True,True,True,0.647752834801742,8.557001187934414,0.418652396296713,4.045032253900754
process_disturbance_4.0,process_disturbance,19,process_disturbance,2.722223512346281,True,True,True,0.0,5.832057586281344,0.5489875990467378,3.109834073935063
process_disturbance_4.0,process_disturbance,20,process_disturbance,8.081438982938508,True,True,True,0.125,15.05210430364178,1.0421070769773155,6.970665320703272
process_disturbance_4.0,process_disturbance,21,process_disturbance,4.280719388076469,True,True,True,0.026449302277181674,8.34138955447704,1.344337010131935,4.060670166400571
process_disturbance_4.0,process_disturbance,22,process_disturbance,7.9727222996438245,True,True,True,0.0,14.598936686149857,1.0229098324592314,6.626214386506033
process_disturbance_4.0,process_disturbance,23,process_disturbance,0.8659563573857465,True,True,True,0.0,2.0225609563116924,0.2685862761975427,1.156604598925946
process_disturbance_4.0,process_disturbance,24,process_disturbance,5.424939410318502,True,True,True,0.33651865846637324,9.829088812438389,0.6024619107500837,4.404149402119887
process_disturbance_4.0,process_disturbance,25,process_disturbance,0.48115253917552914,True,True,True,0.375,1.2624819846733302,0.47437151251271564,0.781329445497801
process_disturbance_4.0,process_disturbance,26,process_disturbance,7.308484919320786,True,True,True,0.0,13.318851022099931,0.8953666084167686,6.0103661027791455
process_disturbance_4.0,process_disturbance,27,process_disturbance,4.147065641092768,True,True,True,0.375,8.127247052657122,0.44825065656833374,3.980181411564354
process_disturbance_4.0,process_disturbance,28,process_disturbance,2.7662723016792565,True,True,True,0.0,5.974270955299465,0.9436717938121036,3.2079986536202085
process_disturbance_4.0,process_disturbance,29,process_disturbance,4.291589906150513,True,True,True,0.0,8.693893517028759,0.9940889934849467,4.402303610878246
process_disturbance_4.0,process_disturbance,30,process_disturbance,6.219085100132582,True,True,True,0.125,11.62602046916246,0.628071303367157,5.4069353690298785
process_disturbance_4.0,process_disturbance,31,process_disturbance,5.4315263180086095,True,True,True,0.35523793487841565,10.293698551193202,0.5543187608669777,4.862172233184593
process_disturbance_4.0,process_disturbance,32,process_disturbance,0.10465436396113081,True,False,False,0.0,0.9923135097139579,0.2869132533438561,0.8876591457528271
process_disturbance_4.0,process_disturbance,33,process_disturbance,3.7520119446081455,True,True,True,0.125,6.991974051504001,0.257608265761417,3.2399621068958555
process_disturbance_4.0,process_disturbance,34,process_disturbance,4.595273208110076,True,True,True,0.375,8.478480739128507,0.4109786705988749,3.8832075310184315
process_disturbance_4.0,process_disturbance,35,process_disturbance,7.174545727062549,True,True,True,0.0,14.018371377403088,1.062619212514467,6.8438256503405395
process_disturbance_4.0,process_disturbance,36,process_disturbance,5.060651709714414,True,True,True,0.5,9.079527866206842,0.6717484264693661,4.018876156492428
process_disturbance_4.0,process_disturbance,37,process_disturbance,0.8458788379294251,True,True,True,0.375,2.4390379246073812,0.442696735929072,1.5931590866779561
process_disturbance_4.0,process_disturbance,38,process_disturbance,2.363636623241212,True,True,True,0.5,4.796273451657023,0.33857158194878356,2.432636828415811
process_disturbance_4.0,process_disturbance,39,process_disturbance,8.753013809903884,True,True,True,0.375,15.49686264494279,0.7538807963469372,6.743848835038908
process_disturbance_4.0,process_disturbance,40,process_disturbance,4.518524803873936,True,True,True,0.375,8.517166700012222,0.6306996871544601,3.998641896138286
process_disturbance_4.0,process_disturbance,41,process_disturbance,4.310618572511769,True,True,True,0.003313807901403676,7.940121393162384,0.7335760020554318,3.629502820650614
process_disturbance_4.0,process_disturbance,42,process_disturbance,7.745532047211405,True,True,True,0.5,14.580909671096858,0.8281218260732237,6.835377623885453
process_disturbance_4.0,process_disturbance,43,process_disturbance,5.570377761313972,True,True,True,0.625,9.666319512188089,0.5985622238306469,4.0959417508741165
process_disturbance_4.0,process_disturbance,44,process_disturbance,6.898379594537526,True,True,True,0.0,12.900068445706856,0.874915194556444,6.001688851169329
process_disturbance_4.0,process_disturbance,45,process_disturbance,3.339286467490133,True,True,True,0.25,6.485753437450884,0.40261060253832714,3.1464669699607515
process_disturbance_4.0,process_disturbance,46,process_disturbance,5.455003478547841,True,True,True,0.375,10.274148840711447,0.6494643485022348,4.8191453621636064
process_disturbance_4.0,process_disturbance,47,process_disturbance,4.713214180920924,True,True,True,0.5,8.77988923514301,0.4383233608147783,4.0666750542220855
process_disturbance_4.0,process_disturbance,48,process_disturbance,3.0825378262976937,True,True,True,0.39442205801361907,6.636148414377325,0.2787973819005607,3.553610588079631
process_disturbance_4.0,process_disturbance,49,process_disturbance,4.357173754022199,True,True,True,0.5,9.0243653344711,0.3655827795946194,4.6671915804489
parameter_mismatch_0.30,parameter_mismatch,0,parameter_mismatch,1.695507399490881,True,True,True,0.24135188949621333,0.0,1.9368592889870944,0.14253306231113672
parameter_mismatch_0.30,parameter_mismatch,1,parameter_mismatch,1.7438861469497497,True,True,True,0.06248576763301572,0.0,1.9780878455729503,0.23420169862320045
parameter_mismatch_0.30,parameter_mismatch,2,parameter_mismatch,1.3407214681868915,True,True,True,0.08906618794498822,0.06190174285416314,1.5165746055771439,0.17585313739025232
parameter_mismatch_0.30,parameter_mismatch,3,parameter_mismatch,1.749537069968586,True,True,True,0.0,0.1404331524362925,2.1333244862654555,0.3837874162968695
parameter_mismatch_0.30,parameter_mismatch,4,parameter_mismatch,1.286876347393564,True,True,True,0.20664204800389174,0.36492238044439074,1.651798727837955,0.2773886729452749
parameter_mismatch_0.30,parameter_mismatch,5,structural_change,0.06363895929640118,False,False,False,0.3804137547516464,0.6535956090887198,0.7697256419951516,0.8333646012915528
parameter_mismatch_0.30,parameter_mismatch,6,parameter_mismatch,0.7305766817261045,True,True,True,0.7200418338059208,0.08242732003584366,1.4506185155320253,0.2414854643408862
parameter_mismatch_0.30,parameter_mismatch,7,parameter_mismatch,1.4813124906000263,True,True,True,0.0,0.0,1.5780308640597176,0.09671837345969131
parameter_mismatch_0.30,parameter_mismatch,8,parameter_mismatch,2.1221379535388647,True,True,True,0.34533491364719626,0.5189543051569465,2.7293643464595903,0.6072263929207257
parameter_mismatch_0.30,parameter_mismatch,9,parameter_mismatch,1.3418129520687483,True,True,True,0.16662164664848467,0.27387769726162403,1.745138662401701,0.4033257103329525
parameter_mismatch_0.30,parameter_mismatch,10,parameter_mismatch,1.5472844723995824,True,True,True,0.35600267737387625,0.6041826301309101,2.295438030082681,0.7481535576830985
parameter_mismatch_0.30,parameter_mismatch,11,parameter_mismatch,1.5583172589628913,True,True,True,0.07491079967345105,0.0,1.7321583837015595,0.1738411247386683
parameter_mismatch_0.30,parameter_mismatch,12,parameter_mismatch,1.3939258709563793,True,True,True,0.07424567293890738,0.05726758583047703,1.530198547925513,0.1362726769691336
parameter_mismatch_0.30,parameter_mismatch,13,parameter_mismatch,0.30940700965065915,True,True,True,0.1842953496565094,0.8473623258482624,1.305494251988689,0.9960872423380298
parameter_mismatch_0.30,parameter_mismatch,14,parameter_mismatch,2.1294501108065087,True,True,True,0.3191557603422588,0.3879130097979654,2.719182129570829,0.5897320187643204
parameter_mismatch_0.30,parameter_mismatch,15,parameter_mismatch,1.368921189936241,True,True,True,0.06336392306555827,0.06990122975590579,1.5850942462395734,0.21617305630333233
parameter_mismatch_0.30,parameter_mismatch,16,parameter_mismatch,0.988354670841881,True,True,True,0.31409368748649535,0.0,1.3024483583283764,0.10849217262490975
parameter_mismatch_0.30,parameter_mismatch,17,parameter_mismatch,1.9175450529616058,True,True,True,0.3511574023921439,0.0,2.2687024553537496,0.08727810479714751
parameter_mismatch_0.30,parameter_mismatch,18,parameter_mismatch,1.217163804132253,True,True,True,0.3339787625094258,0.0,1.551142566641679,0.14005199225250395
parameter_mismatch_0.30,parameter_mismatch,19,parameter_mismatch,1.4974943067973074,True,True,True,0.017376263552645765,0.0,1.6555710903537357,0.15807678355642824
parameter_mismatch_0.30,parameter_mismatch,20,parameter_mismatch,2.648000600855258,True,True,True,0.21988638813017303,0.0,2.8678869889854313,0.13785229660168427
parameter_mismatch_0.30,parameter_mismatch,21,parameter_mismatch,1.8776101092845003,True,True,True,0.29865259833270075,0.0,2.176262707617201,0.12837503557530175
parameter_mismatch_0.30,parameter_mismatch,22,parameter_mismatch,1.9736645913784274,True,True,True,0.30998831213974004,0.0,2.2836529035181674,0.12400887613902059
parameter_mismatch_0.30,parameter_mismatch,23,parameter_mismatch,2.481938195488535,True,True,True,0.33514293898129577,0.14787710918179614,2.8170811344698308,0.2969814261535974
parameter_mismatch_0.30,parameter_mismatch,24,parameter_mismatch,0.7508870609498814,True,True,True,0.6401460434760697,0.0,1.3910331044259512,0.17921554180362234
parameter_mismatch_0.30,parameter_mismatch,25,parameter_mismatch,1.4270982672260313,True,True,True,0.20754828665424307,0.0,1.6346465538802744,0.16034179585513883
parameter_mismatch_0.30,parameter_mismatch,26,parameter_mismatch,1.6639599937455178,True,True,True,0.4673591409771858,0.0,2.1313191347227036,0.13011307061957322
parameter_mismatch_0.30,parameter_mismatch,27,parameter_mismatch,1.7272639930108338,True,True,True,0.18652986728730592,0.0,1.9137938602981397,0.17520345285013936
parameter_mismatch_0.30,parameter_mismatch,28,parameter_mismatch,0.8545396727212802,True,True,True,0.0,0.7938272693318258,1.648366942053106,0.5905146304058897
parameter_mismatch_0.30,parameter_mismatch,29,parameter_mismatch,1.430322785349621,True,True,True,0.0999333729077514,0.2717364785750283,1.8652197353134106,0.43489694996378964
parameter_mismatch_0.30,parameter_mismatch,30,parameter_mismatch,1.0702148720214075,True,True,True,0.0,0.02941498278654009,1.216024033192486,0.14580916117107845
parameter_mismatch_0.30,parameter_mismatch,31,parameter_mismatch,1.4328080744850489,True,True,True,0.3739903831955338,0.429603918308437,2.0053801771693722,0.5725721026843233
parameter_mismatch_0.30,parameter_mismatch,32,parameter_mismatch,1.7371095889377064,True,True,True,0.21175066988322366,0.28521126652129575,2.169983212412381,0.4328736234746743
parameter_mismatch_0.30,parameter_mismatch,33,parameter_mismatch,1.763301645371648,True,True,True,0.45336514782266846,0.0,2.2166667931943165,0.1097465598549364
parameter_mismatch_0.30,parameter_mismatch,34,parameter_mismatch,0.1964063774397573,True,False,False,0.020749257177364866,0.77833499538248,1.1039461761423957,0.9075397987026383
parameter_mismatch_0.30,parameter_mismatch,35,process_disturbance,0.013015505172978337,False,False,False,0.0,1.415341695784107,1.4023261906111286,1.0379361434916867
parameter_mismatch_0.30,parameter_mismatch,36,parameter_mismatch,1.053493539387035,True,True,True,0.0,0.0,1.2119065820986266,0.15841304271159162
parameter_mismatch_0.30,parameter_mismatch,37,parameter_mismatch,1.455729688647807,True,True,True,0.38513188520593966,0.1278248681281159,1.8408615738537466,0.3457770074813199
parameter_mismatch_0.30,parameter_mismatch,38,parameter_mismatch,1.7699356318820043,True,True,True,0.49845876158146607,0.0,2.2683943934634705,0.12256760924612267
parameter_mismatch_0.30,parameter_mismatch,39,parameter_mismatch,2.348565142372741,True,True,True,0.44465213796550274,0.0,2.7932172803382436,0.08985416467328529
parameter_mismatch_0.30,parameter_mismatch,40,parameter_mismatch,1.491187821843338,True,True,True,0.0,0.10873688551366245,1.7632224356931518,0.2720346138498138
parameter_mismatch_0.30,parameter_mismatch,41,parameter_mismatch,1.1585768565031613,True,True,True,0.06376008547027023,0.04104088109163016,1.3427276570270437,0.18415080052388244
parameter_mismatch_0.30,parameter_mismatch,42,parameter_mismatch,1.887067479346681,True,True,True,0.36646534409059983,0.022704561308377086,2.253532823437281,0.1545379178270775
parameter_mismatch_0.30,parameter_mismatch,43,parameter_mismatch,1.2794723845239702,True,True,True,0.07909233214578193,0.14265166773889024,1.5453775734359432,0.2659051889119729
parameter_mismatch_0.30,parameter_mismatch,44,parameter_mismatch,1.2834410919285382,True,True,True,0.2708858855445515,0.0,1.5543269774730897,0.11275393208472062
parameter_mismatch_0.30,parameter_mismatch,45,parameter_mismatch,1.2002498989002572,True,True,True,0.2868827301793434,0.0,1.4871326290796008,0.12466468293384075
parameter_mismatch_0.30,parameter_mismatch,46,parameter_mismatch,1.9835643577264368,True,True,True,0.3324328048693167,0.0,2.3159971625957536,0.16352486157148402
parameter_mismatch_0.30,parameter_mismatch,47,parameter_mismatch,1.8975605608498598,True,True,True,0.43268154413085913,0.0,2.330242104980719,0.16377610730993894
parameter_mismatch_0.30,parameter_mismatch,48,parameter_mismatch,1.0711145513813933,True,True,True,0.16257557036970638,0.46788343033093943,1.7071110377673406,0.6359964863859473
parameter_mismatch_0.30,parameter_mismatch,49,parameter_mismatch,0.9996850141123691,True,True,True,0.3507700364509372,0.6373716916361494,1.7784815205076365,0.7787965063952674
parameter_mismatch_0.10,parameter_mismatch,0,parameter_mismatch,3.2336227880067088,True,True,True,0.6059270486591338,0.0,3.8395498366658427,0.16075719862268764
parameter_mismatch_0.10,parameter_mismatch,1,parameter_mismatch,2.7742779965049875,True,True,True,0.4154221030475662,0.0,3.1897000995525535,0.20485241722877906
parameter_mismatch_0.10,parameter_mismatch,2,parameter_mismatch,2.958436068529354,True,True,True,0.1566661668130035,0.11094241143846467,3.1584643064702393,0.20002823794088548
parameter_mismatch_0.10,parameter_mismatch,3,parameter_mismatch,3.0634513791868763,True,True,True,0.2814410736318147,0.2022056060082103,3.4752111207061613,0.41175974151928496
parameter_mismatch_0.10,parameter_mismatch,4,parameter_mismatch,3.3024579412276216,True,True,True,0.6419088891170199,0.26634945786258474,3.9443668303446415,0.23122045746492048
parameter_mismatch_0.10,parameter_mismatch,5,parameter_mismatch,1.5758299307553707,True,True,True,0.516598902479732,0.589901051895069,2.395450238042851,0.8196203072874804
parameter_mismatch_0.10,parameter_mismatch,6,parameter_mismatch,2.6660570166332462,True,True,True,0.7998132032179015,0.07494999666789673,3.4658702198511477,0.27700929640352906
parameter_mismatch_0.10,parameter_mismatch,7,parameter_mismatch,2.700767212588701,True,True,True,0.2648836198701532,0.015358572720238828,2.965650832458854,0.11478311735666272
parameter_mismatch_0.10,parameter_mismatch,8,parameter_mismatch,2.714667409460488,True,True,True,0.5965044818193027,0.5772462896420275,3.4038106403787083,0.6891432309182202
parameter_mismatch_0.10,parameter_mismatch,9,parameter_mismatch,2.5062296264392865,True,True,True,0.5328118585520563,0.1935021352388642,3.0390414849913427,0.3264058891730187
parameter_mismatch_0.10,parameter_mismatch,10,parameter_mismatch,3.064214986364275,True,True,True,0.7827930347611436,0.3006641049508926,3.8470080211254185,0.47217374272502327
parameter_mismatch_0.10,parameter_mismatch,11,parameter_mismatch,2.8091802246743565,True,True,True,0.4493280215547659,0.0,3.2585082462291224,0.14786389678852768
parameter_mismatch_0.10,parameter_mismatch,12,parameter_mismatch,2.476808757891634,True,True,True,0.32231442638932783,0.03746091020212039,2.799123184280962,0.12943970584096187
parameter_mismatch_0.10,parameter_mismatch,13,parameter_mismatch,1.8858491347818431,True,True,True,0.5428071070090696,0.9387049376539509,2.920913197748428,1.0350640629665848
parameter_mismatch_0.10,parameter_mismatch,14,parameter_mismatch,3.0999370783176077,True,True,True,0.57890211077299,0.3771402987017143,3.678839189090598,0.5274867438977022
parameter_mismatch_0.10,parameter_mismatch,15,parameter_mismatch,2.3901657495032524,True,True,True,0.3461531067383037,0.057923293955391586,2.736318856241556,0.15532878874745432
parameter_mismatch_0.10,parameter_mismatch,16,parameter_mismatch,2.1047152905292617,True,True,True,0.607568537137267,0.0,2.7122838276665284,0.12589959699728173
parameter_mismatch_0.10,parameter_mismatch,17,parameter_mismatch,2.5661051227556917,True,True,True,0.47110000543025865,0.0,3.0372051281859505,0.10403997024617022
parameter_mismatch_0.10,parameter_mismatch,18,parameter_mismatch,2.6568531551700385,True,True,True,0.49744248912438205,0.0,3.1542956442944208,0.1199464198207874
parameter_mismatch_0.10,parameter_mismatch,19,parameter_mismatch,2.5738943673692254,True,True,True,0.33394850656659847,0.0,2.9078428739358237,0.16949093567692924
parameter_mismatch_0.10,parameter_mismatch,20,parameter_mismatch,3.0381705328408994,True,True,True,0.7635411135993908,0.0,3.8017116464402902,0.12740111330409765
parameter_mismatch_0.10,parameter_mismatch,21,parameter_mismatch,2.9149228075450724,True,True,True,0.597438663491596,0.0,3.5123614710366686,0.15178073144969745
parameter_mismatch_0.10,parameter_mismatch,22,parameter_mismatch,2.4980787313830355,True,True,True,0.6487202349762705,0.0,3.146798966359306,0.13483142421697036
parameter_mismatch_0.10,parameter_mismatch,23,parameter_mismatch,3.160179906886163,True,True,True,0.5757805051849271,0.1009387671401564,3.73596041207109,0.3001129572275008
parameter_mismatch_0.10,parameter_mismatch,24,parameter_mismatch,2.564238284162893,True,True,True,0.5566832388575926,0.0,3.120921523020485,0.18141164577107738
parameter_mismatch_0.10,parameter_mismatch,25,parameter_mismatch,3.2448242348432212,True,True,True,0.4570103844404728,0.0,3.701834619283694,0.13177780476319653
parameter_mismatch_0.10,parameter_mismatch,26,parameter_mismatch,3.1702351516118235,True,True,True,0.7492872934481619,0.0,3.9195224450599855,0.1577270169350105
parameter_mismatch_0.10,parameter_mismatch,27,parameter_mismatch,2.4938559912222527,True,True,True,0.43710720720892404,0.0,2.9309631984311766,0.1694251468405594
parameter_mismatch_0.10,parameter_mismatch,28,parameter_mismatch,2.8035862299341816,True,True,True,0.29914890435695773,0.7999481961245016,3.6035344260586832,0.6233969835745907
parameter_mismatch_0.10,parameter_mismatch,29,parameter_mismatch,3.074138657224886,True,True,True,0.49114698236213894,0.14882011948763604,3.565285639587025,0.34917126820100064
parameter_mismatch_0.10,parameter_mismatch,30,parameter_mismatch,2.5129574806032138,True,True,True,0.398769751610777,0.048444931077116615,2.9117272322139907,0.12471539762261025
parameter_mismatch_0.10,parameter_mismatch,31,parameter_mismatch,2.1586952152270653,True,True,True,0.5533504734258947,0.2946914137590285,2.7120456886529603,0.4738283304906919
parameter_mismatch_0.10,parameter_mismatch,32,parameter_mismatch,2.437673205056293,True,True,True,0.42440645003536404,0.24594118752422905,2.862079655091657,0.42202055531159083
parameter_mismatch_0.10,parameter_mismatch,33,parameter_mismatch,3.037842795110977,True,True,True,0.6810922689294547,0.0,3.7189350640404317,0.14103918899010653
parameter_mismatch_0.10,parameter_mismatch,34,parameter_mismatch,1.941178190853703,True,True,True,0.3051495520494252,0.6817550726021967,2.7551844051765313,0.8140062143228284
parameter_mismatch_0.10,parameter_mismatch,35,parameter_mismatch,1.4931724595457945,True,True,True,0.19138250888864827,0.9369208424831201,2.4300933020289146,0.7153684239811724
parameter_mismatch_0.10,parameter_mismatch,36,parameter_mismatch,2.4628424923726286,True,True,True,0.24452023563680703,0.0,2.7073627280094357,0.13353594231179416
parameter_mismatch_0.10,parameter_mismatch,37,parameter_mismatch,3.179204907788658,True,True,True,0.6605398413279451,0.17087676715304354,3.839744749116603,0.4130981906352533
parameter_mismatch_0.10,parameter_mismatch,38,parameter_mismatch,2.803239233141214,True,True,True,0.7094893055306559,0.0,3.51272853867187,0.1094872681210513
parameter_mismatch_0.10,parameter_mismatch,39,parameter_mismatch,3.047344428920972,True,True,True,0.65904862143324,0.0,3.7063930503542117,0.11076340370976047
parameter_mismatch_0.10,parameter_mismatch,40,parameter_mismatch,2.622034049525664,True,True,True,0.27741933441047184,0.12604398357831353,2.899453383936136,0.2644348015751937
parameter_mismatch_0.10,parameter_mismatch,41,parameter_mismatch,1.7767437057101192,True,True,True,0.32247096648435947,0.015675626409795293,2.0992146721944787,0.19774719869666552
parameter_mismatch_0.10,parameter_mismatch,42,parameter_mismatch,2.527759074275349,True,True,True,0.5936543302108055,0.006792886536923393,3.121413404486155,0.18979028512972204
parameter_mismatch_0.10,parameter_mismatch,43,parameter_mismatch,2.2705783569990645,True,True,True,0.354867115131847,0.13545986401965832,2.6254454721309113,0.3189012691181869
parameter_mismatch_0.10,parameter_mismatch,44,parameter_mismatch,2.354128720223475,True,True,True,0.47327154378201675,0.0,2.8274002640054916,0.1398227609474758
parameter_mismatch_0.10,parameter_mismatch,45,parameter_mismatch,1.959167093638123,True,True,True,0.5309108792863961,0.0,2.490077972924519,0.1404211676269228
parameter_mismatch_0.10,parameter_mismatch,46,parameter_mismatch,3.098947452173077,True,True,True,0.5632357487121212,0.0,3.6621832008851984,0.1869873238321244
parameter_mismatch_0.10,parameter_mismatch,47,parameter_mismatch,2.4652558050693774,True,True,True,0.6333613968835305,0.0,3.0986172019529077,0.1416270322941457
parameter_mismatch_0.10,parameter_mismatch,48,parameter_mismatch,2.2326672520059265,True,True,True,0.4921161492702093,0.4335810615027946,2.873469276873447,0.6408020248675205
parameter_mismatch_0.10,parameter_mismatch,49,parameter_mismatch,2.411290115306906,True,True,True,0.5124517116235148,0.516943078655284,3.1077657570373267,0.6964756417304209
structural_change_0.85,structural_change,0,structural_change,1.4690580026401243,True,True,True,0.25,0.47115449348036553,0.3454021799125135,1.9402124961204898
structural_change_0.85,structural_change,1,structural_change,1.38301974247338,True,True,True,0.125,0.21655066730731942,0.2222227639513657,1.6052425064247458
structural_change_0.85,structural_change,2,structural_change,0.9924069958151074,True,True,True,0.25,0.14844672343297327,0.4428471880936882,1.4352541839087956
structural_change_0.85,structural_change,3,structural_change,0.7574477286252111,True,True,True,0.0,0.0,0.714901163604548,1.4723488922297592
structural_change_0.85,structural_change,4,structural_change,1.3706982522645856,True,True,True,0.25,0.0,0.24050348433515956,1.6206982522645856
structural_change_0.85,structural_change,5,structural_change,0.962169099987948,True,True,True,0.4644192263379739,0.0987439748612895,0.8160696796619935,1.7782387796499415
structural_change_0.85,structural_change,6,structural_change,1.3466275506332561,True,True,True,0.25,0.49978172427490275,0.2132303393778598,1.8464092749081589
structural_change_0.85,structural_change,7,structural_change,0.5541547319731432,True,True,True,0.25,0.07499573842333007,0.5825494375736873,1.1367041695468305
structural_change_0.85,structural_change,8,structural_change,0.7194868699291022,True,True,True,0.0,0.22710359217873166,0.923269285259916,1.6427561551890182
structural_change_0.85,structural_change,9,structural_change,0.9007187782809873,True,True,True,0.0,1.3797203715642252,0.5168434696323683,2.2804391498452126
structural_change_0.85,structural_change,10,structural_change,1.2669022122313565,True,True,True,0.0,1.167312634105079,0.8580215240065638,2.4342148463364355
structural_change_0.85,structural_change,11,structural_change,0.9584592517162958,True,True,True,0.0,1.1724260843762466,0.5490538877806617,2.1308853360925424
structural_change_0.85,structural_change,12,structural_change,0.45736310714462647,True,True,True,0.0,1.547554906019485,0.8979828323116847,2.0049180131641116
structural_change_0.85,structural_change,13,structural_change,0.7647830662603852,True,True,True,0.125,0.020656630931124464,0.4691851793968307,1.2339682456572159
structural_change_0.85,structural_change,14,structural_change,1.177722352954362,True,True,True,0.25,1.093895333602831,0.6318895322827159,2.271617686557193
structural_change_0.85,structural_change,15,structural_change,0.9864474601168853,True,True,True,0.375,0.9676543840424949,0.23269540157255386,1.9541018441593803
structural_change_0.85,structural_change,16,structural_change,0.8617475829160959,True,True,True,0.375,0.0,0.1724265602242211,1.2367475829160959
structural_change_0.85,structural_change,17,structural_change,0.5294711809236503,True,True,True,0.5,0.0,0.3876944564446092,1.0294711809236503
structural_change_0.85,structural_change,18,structural_change,0.5957829842855595,True,True,True,0.5,0.0,0.07510881303084194,1.0957829842855595
structural_change_0.85,structural_change,19,structural_change,0.48722568829465307,True,True,True,0.0,1.3648179224960428,0.41734356771135983,1.852043610790696
structural_change_0.85,structural_change,20,structural_change,0.09273818266236455,True,False,False,0.125,2.578002676603391,0.6828368733644203,2.6707408592657558
structural_change_0.85,structural_change,21,structural_change,0.6852790926673582,True,True,True,0.0,0.5665999176314744,1.0404304508066633,1.7257095434740215
structural_change_0.85,structural_change,22,structural_change,0.41297478047016023,True,True,True,0.0,0.0,0.6899224870586891,1.1028972675288493
structural_change_0.85,structural_change,23,structural_change,0.2963602725048067,True,False,False,0.0,0.0,0.9161683932010791,1.2125286657058858
structural_change_0.85,structural_change,24,structural_change,0.7362847539268729,True,True,True,0.25,0.0,0.4363490387469642,1.172633792673837
structural_change_0.85,structural_change,25,structural_change,0.4968234432534786,True,True,True,0.5,0.0,0.6045421767106383,1.1013656199641169
structural_change_0.85,structural_change,26,structural_change,0.960030005213866,True,True,True,0.0,0.6396997412990428,0.7724251739869978,1.7324551792008638
structural_change_0.85,structural_change,27,structural_change,0.8431952141505359,True,True,True,0.375,0.0,0.36939670169576244,1.2181952141505359
structural_change_0.85,structural_change,28,structural_change,0.8325029101051684,True,True,True,0.0,1.515962664740953,0.7680671347754735,2.3484655748461214
structural_change_0.85,structural_change,29,structural_change,1.0225990071606244,True,True,True,0.0,0.18493004379842826,0.6448159881351423,1.6674149952957666
structural_change_0.85,structural_change,30,structural_change,0.8329429410349611,True,True,True,0.125,1.4466759714691793,0.39680643308773084,2.2796189125041404
structural_change_0.85,structural_change,31,structural_change,0.5460393702087329,True,True,True,0.5037558978087324,0.0,0.5931776819974544,1.1392170522061873
structural_change_0.85,structural_change,32,structural_change,1.0320176035687323,True,True,True,0.0,0.0,0.40467791576415224,1.4366955193328845
structural_change_0.85,structural_change,33,structural_change,0.714667700404711,True,True,True,0.125,0.0,0.49464287442294974,1.2093105748276607
structural_change_0.85,structural_change,34,structural_change,1.3337566607350784,True,True,True,0.375,0.44104382981289003,0.5319678859299591,1.8657245466650374
structural_change_0.85,structural_change,35,structural_change,1.1107352331346652,True,True,True,0.0,0.9399099991441704,0.5901534407225542,2.0506452322788356
structural_change_0.85,structural_change,36,structural_change,0.2584047810680119,True,False,False,0.6417634395520273,0.0,0.9183371443084898,1.1767419253765017
structural_change_0.85,structural_change,37,structural_change,0.8231673940610105,True,True,True,0.375,0.0,0.35177145057291703,1.1981673940610105
structural_change_0.85,structural_change,38,structural_change,0.7870225213094135,True,True,True,0.5,0.0,0.34165510959602063,1.2870225213094135
structural_change_0.85,structural_change,39,structural_change,0.2853189794165365,True,False,False,0.375,1.6410961199199914,0.5151548730412311,1.9264150993365279
structural_change_0.85,structural_change,40,structural_change,1.0155685147311213,True,True,True,0.5263263386882935,0.11767846749198407,0.7924951106142739,1.8080636253453952
structural_change_0.85,structural_change,41,structural_change,0.8896767574872042,True,True,True,0.0,0.7274805340527746,0.45326696396350347,1.6171572915399788
structural_change_0.85,structural_change,42,structural_change,0.628095548827234,True,True,True,0.5,1.3537910956982409,0.4453103958912709,1.9818866445254748
structural_change_0.85,structural_change,43,structural_change,0.42786930162077486,True,True,True,0.6795956854800107,0.254758934766933,0.7850376401842916,1.2129069418050664
structural_change_0.85,structural_change,44,structural_change,0.8605290754216897,True,True,True,0.0,0.005440985981022828,0.5207126170758822,1.381241692497572
structural_change_0.85,structural_change,45,structural_change,1.0759265910734501,True,True,True,0.25,0.03897397987230056,0.24389430008359825,1.3259265910734501
structural_change_0.85,structural_change,46,structural_change,0.4568467341850555,True,True,True,0.375,1.82157421527251,0.5342986402997097,2.2784209494575656
structural_change_0.85,structural_change,47,structural_change,0.8274117591592824,True,True,True,0.5,0.0,0.31904661425562986,1.3274117591592824
structural_change_0.85,structural_change,48,structural_change,0.8501178932117095,True,True,True,0.375,0.0,0.3237536730418403,1.2251178932117095
structural_change_0.85,structural_change,49,structural_change,1.427351485144294,True,True,True,0.5,0.9416617486552907,0.21867636203017454,2.369013233799585
structural_change_0.75,structural_change,0,structural_change,0.48500428479801805,True,True,True,0.25,5.288069728546299,0.8772903392846145,5.773074013344317
structural_change_0.75,structural_change,1,structural_change,1.578707247164055,True,True,True,0.125,2.928037915514712,0.6328683910976209,4.506745162678767
structural_change_0.75,structural_change,2,structural_change,2.061914416592288,True,True,True,0.25,2.3152991385952304,0.774493695367251,4.377213555187518
structural_change_0.75,structural_change,3,structural_change,1.9422811066839252,True,True,True,0.0,2.6150143933507612,1.085201225284655,4.557295500034686
structural_change_0.75,structural_change,4,structural_change,2.405217812361159,True,True,True,0.25,1.9138318507342564,0.6473294497528312,4.319049663095416
structural_change_0.75,structural_change,5,structural_change,3.250150692196536,True,True,True,0.30443730866290686,0.10501723369014804,0.48250902768299553,3.732659719879532
structural_change_0.75,structural_change,6,structural_change,1.8572518206760984,True,True,True,0.25,2.8276772360282116,0.6170648435798441,4.68492905670431
structural_change_0.75,structural_change,7,structural_change,2.439313642447442,True,True,True,0.25,1.4661950068546572,0.9505704795653531,3.9055086493020994
structural_change_0.75,structural_change,8,structural_change,1.95074325984416,True,True,True,0.016724301905639116,2.6396831296525547,1.3706857657788878,4.590426389496715
structural_change_0.75,structural_change,9,structural_change,1.9090125091631824,True,True,True,0.0,2.850544579312155,0.8275414352778212,4.759557088475337
structural_change_0.75,structural_change,10,structural_change,1.6950895265110386,True,True,True,0.0,4.122361546664274,1.2100709625261765,5.817451073175312
structural_change_0.75,structural_change,11,structural_change,1.5097708954491198,True,True,True,0.0,3.2053160058771457,0.9425247273187924,4.7150869013262655
structural_change_0.75,structural_change,12,structural_change,2.5707594041688053,True,True,True,0.0,1.3245414091214256,1.1627280144521408,3.895300813290231
structural_change_0.75,structural_change,13,structural_change,1.9035144365097372,True,True,True,0.13448371777972956,2.4993006456847544,0.749990245098827,4.402815082194492
structural_change_0.75,structural_change,14,structural_change,2.144262971137205,True,True,True,0.25,2.630724190260166,0.9880561957463562,4.774987161397371
structural_change_0.75,structural_change,15,structural_change,0.8827917816103747,True,True,True,0.375,4.128670083344233,0.665367491032339,5.011461864954608
structural_change_0.75,structural_change,16,structural_change,2.818685239201881,True,True,True,0.375,0.8490881017939076,0.5780978107371073,3.6677733409957884
structural_change_0.75,structural_change,17,structural_change,2.46447425365842,True,True,True,0.375,1.7237379753911344,0.7176087742085436,4.1882122290495545
structural_change_0.75,structural_change,18,structural_change,2.6698972543945176,True,True,True,0.5,1.0980987262814916,0.45381318498036144,3.7679959806760093
structural_change_0.75,structural_change,19,structural_change,1.4288486036206685,True,True,True,0.0,2.864277558393473,0.7796744003914235,4.293126162014142
structural_change_0.75,structural_change,20,structural_change,1.851453306777044,True,True,True,0.125,2.897256662875753,0.8992921800730752,4.748709969652797
structural_change_0.75,structural_change,21,structural_change,0.8449963323420295,True,True,True,0.033474559410057836,4.0895702078615,1.4463166564771477,4.934566540203529
structural_change_0.75,structural_change,22,structural_change,2.41006675795459,True,True,True,0.0,1.3598118172729845,0.9558724621394097,3.7698785752275743
structural_change_0.75,structural_change,23,structural_change,2.634846686049169,True,True,True,0.0,0.8032966258538976,1.0285317809046282,3.663378466953797
structural_change_0.75,structural_change,24,structural_change,2.6071291739188265,True,True,True,0.25,1.1345340777027726,0.6768396921824401,3.741663251621599
structural_change_0.75,structural_change,25,structural_change,2.575942460161071,True,True,True,0.37776335277572404,1.16710245028526,0.7776701053963073,3.743044910446331
structural_change_0.75,structural_change,26,structural_change,1.9428773089733906,True,True,True,0.0,2.3450258867692644,1.1831378591803663,4.287903195742655
structural_change_0.75,structural_change,27,structural_change,2.582061528546349,True,True,True,0.375,1.4764297940389306,0.7376046123892304,4.0584913225852794
structural_change_0.75,structural_change,28,structural_change,0.2835398910355815,True,False,False,0.0,5.090810672514977,1.0467445871136887,5.374350563550559
structural_change_0.75,structural_change,29,structural_change,1.0077608600446641,True,True,True,0.0,3.6814726939211875,1.01726159015559,4.689233553965852
structural_change_0.75,structural_change,30,structural_change,1.9868256798227675,True,True,True,0.125,2.6492135139106603,0.7488208222273832,4.636039193733428
structural_change_0.75,structural_change,31,structural_change,2.4890265520613104,True,True,True,0.25,0.0,0.42699284463315146,2.916019396694462
structural_change_0.75,structural_change,32,structural_change,2.6261745627729685,True,True,True,0.0,1.3786241622057869,0.7705280334334648,4.004798724978755
structural_change_0.75,structural_change,33,structural_change,2.577597050406399,True,True,True,0.125,1.1949409779552616,0.8286927123962559,3.7725380283616605
structural_change_0.75,structural_change,34,structural_change,2.6073841519350096,True,True,True,0.375,1.8174380170165576,0.7658713451719228,4.424822168951567
structural_change_0.75,structural_change,35,structural_change,1.9542367090325423,True,True,True,0.0,2.6544617850601893,0.8148985992408121,4.608698494092732
structural_change_0.75,structural_change,36,structural_change,2.6929659681761833,True,True,True,0.5,0.3386100372851888,0.8877216694011524,3.5806876375773355
structural_change_0.75,structural_change,37,structural_change,2.7671830809307187,True,True,True,0.25,0.9091218280302824,0.6253964292477697,3.676304908961001
structural_change_0.75,structural_change,38,structural_change,1.9360080985764752,True,True,True,0.5,2.5613222727482254,0.7439843300508167,4.497330371324701
structural_change_0.75,structural_change,39,structural_change,1.7128899513718308,True,True,True,0.375,2.424060492936893,0.6649264745523648,4.136950444308724
structural_change_0.75,structural_change,40,structural_change,3.3670617390469637,True,True,True,0.375,0.7130379760646677,0.7387878490121771,4.105849588059141
structural_change_0.75,structural_change,41,structural_change,2.8684440183554623,True,True,True,0.012421849819459485,0.5526693465227863,0.7247001137344338,3.593144132089896
structural_change_0.75,structural_change,42,structural_change,1.6914184750041947,True,True,True,0.5,2.8292744535584555,0.6640805775365335,4.52069292856265
structural_change_0.75,structural_change,43,structural_change,2.327020201341577,True,True,True,0.5,0.2356669828918967,0.8348616905221115,3.1618818918636884
structural_change_0.75,structural_change,44,structural_change,2.295356665341239,True,True,True,0.0,1.6781364506446041,0.8597316411106717,3.973493115985843
structural_change_0.75,structural_change,45,structural_change,0.37407488126056876,True,True,True,0.25,4.888008527560944,0.7378751009017128,5.262083408821513
structural_change_0.75,structural_change,46,structural_change,1.9274381551762803,True,True,True,0.125,2.619045678559857,0.7720171331560058,4.546483833736137
structural_change_0.75,structural_change,47,structural_change,2.365799749994812,True,True,True,0.5,1.9064031852556322,0.7280670544758183,4.272202935250444
structural_change_0.75,structural_change,48,structural_change,2.6136362879851633,True,True,True,0.25,1.1795046954986477,0.6899321054108268,3.793140983483811
structural_change_0.75,structural_change,49,structural_change,0.5382678301790795,True,True,True,0.5,5.3210110943031,0.7122034587235961,5.8592789244821795
