population,performance_weight,responsiveness_weight,weight_ratio,policy,multiplier,weighted_distance,selected
seed_100_139,0.25,1.0,0.25,two_stage_0.25,0.25,0.4472135954999579,0
seed_100_139,0.25,1.0,0.25,two_stage_0.30,0.3,0.39117939762927645,1
seed_100_139,0.25,1.0,0.25,two_stage_0.35,0.35,0.4740401500989591,0
seed_100_139,0.25,1.0,0.25,two_stage_0.40,0.4,0.5809172255130532,0
seed_100_139,0.25,1.0,0.25,two_stage_0.45,0.45,0.7050804044065923,0
seed_100_139,0.25,1.0,0.25,two_stage_0.50,0.5,0.8944271909999159,0
seed_100_139,0.3,1.0,0.3,two_stage_0.25,0.25,0.48038446141526137,0
seed_100_139,0.3,1.0,0.3,two_stage_0.30,0.3,0.40872404239835297,1
seed_100_139,0.3,1.0,0.3,two_stage_0.35,0.35,0.47601162700111893,0
seed_100_139,0.3,1.0,0.3,two_stage_0.40,0.4,0.5723378600451464,0
seed_100_139,0.3,1.0,0.3,two_stage_0.45,0.45,0.6922315394256001,0
seed_100_139,0.3,1.0,0.3,two_stage_0.50,0.5,0.8770580193070292,0
seed_100_139,0.35,1.0,0.35,two_stage_0.25,0.25,0.5091750772173156,0
seed_100_139,0.35,1.0,0.35,two_stage_0.30,0.3,0.4243227632074147,1
seed_100_139,0.35,1.0,0.35,two_stage_0.35,0.35,0.47782981599476787,0
seed_100_139,0.35,1.0,0.35,two_stage_0.40,0.4,0.5642777088058684,0
seed_100_139,0.35,1.0,0.35,two_stage_0.45,0.45,0.6801180398685104,0
seed_100_139,0.35,1.0,0.35,two_stage_0.50,0.5,0.8606629658238704,0
seed_100_139,0.4,1.0,0.4,two_stage_0.25,0.25,0.5345224838248488,0
seed_100_139,0.4,1.0,0.4,two_stage_0.30,0.3,0.4383105016752627,1
seed_100_139,0.4,1.0,0.4,two_stage_0.35,0.35,0.4795119613377566,0
seed_100_139,0.4,1.0,0.4,two_stage_0.40,0.4,0.5566887975955084,0
seed_100_139,0.4,1.0,0.4,two_stage_0.45,0.45,0.6686733264933642,0
seed_100_139,0.4,1.0,0.4,two_stage_0.50,0.5,0.8451542547285166,0
seed_100_139,0.45,1.0,0.45,two_stage_0.25,0.25,0.5570860145311556,0
seed_100_139,0.45,1.0,0.45,two_stage_0.30,0.3,0.45094370663518835,1
seed_100_139,0.45,1.0,0.45,two_stage_0.35,0.35,0.4810728092878841,0
seed_100_139,0.45,1.0,0.45,two_stage_0.40,0.4,0.5495290582802267,0
seed_100_139,0.45,1.0,0.45,two_stage_0.45,0.45,0.657838943275199,0
seed_100_139,0.45,1.0,0.45,two_stage_0.50,0.5,0.8304547985373997,0
seed_100_139,0.5,1.0,0.5,two_stage_0.25,0.25,0.5773502691896257,0
seed_100_139,0.5,1.0,0.5,two_stage_0.30,0.3,0.46242341547973215,1
seed_100_139,0.5,1.0,0.5,two_stage_0.35,0.35,0.48252504545182034,0
seed_100_139,0.5,1.0,0.5,two_stage_0.40,0.4,0.5427614299597673,0
seed_100_139,0.5,1.0,0.5,two_stage_0.45,0.45,0.6475633270191503,0
seed_100_139,0.5,1.0,0.5,two_stage_0.50,0.5,0.816496580927726,0
seed_100_139,0.55,1.0,0.55,two_stage_0.25,0.25,0.5956833971812706,0
seed_100_139,0.55,1.0,0.55,two_stage_0.30,0.3,0.4729102875085451,1
seed_100_139,0.55,1.0,0.55,two_stage_0.35,0.35,0.4838796431948258,0
seed_100_139,0.55,1.0,0.55,two_stage_0.40,0.4,0.5363531215287318,0
seed_100_139,0.55,1.0,0.55,two_stage_0.45,0.45,0.6378007972615917,0
seed_100_139,0.55,1.0,0.55,two_stage_0.50,0.5,0.8032193289024988,0
seed_100_139,0.6,1.0,0.6,two_stage_0.25,0.25,0.6123724356957945,0
seed_100_139,0.6,1.0,0.6,two_stage_0.30,0.3,0.4825347858713622,1
seed_100_139,0.6,1.0,0.6,two_stage_0.35,0.35,0.48514614355655045,0
seed_100_139,0.6,1.0,0.6,two_stage_0.40,0.4,0.5302750024988497,0
seed_100_139,0.6,1.0,0.6,two_stage_0.45,0.45,0.6285107213242027,0
seed_100_139,0.6,1.0,0.6,two_stage_0.50,0.5,0.7905694150420949,0
seed_100_139,0.65,1.0,0.65,two_stage_0.25,0.25,0.6276459144608478,0
seed_100_139,0.65,1.0,0.65,two_stage_0.30,0.3,0.49140429913528416,0
seed_100_139,0.65,1.0,0.65,two_stage_0.35,0.35,0.48633288190883517,1
seed_100_139,0.65,1.0,0.65,two_stage_0.40,0.4,0.5245010965533753,0
seed_100_139,0.65,1.0,0.65,two_stage_0.45,0.45,0.619656819729566,0
seed_100_139,0.65,1.0,0.65,two_stage_0.50,0.5,0.778498944161523,0
seed_100_139,0.7,1.0,0.7,two_stage_0.25,0.25,0.6416889479197478,0
seed_100_139,0.7,1.0,0.7,two_stage_0.30,0.3,0.499608258224874,0
seed_100_139,0.7,1.0,0.7,two_stage_0.35,0.35,0.4874471728315592,1
seed_100_139,0.7,1.0,0.7,two_stage_0.40,0.4,0.5190081579901391,0
seed_100_139,0.7,1.0,0.7,two_stage_0.45,0.45,0.6112065849237864,0
seed_100_139,0.7,1.0,0.7,two_stage_0.50,0.5,0.7669649888473704,0
seed_100_139,0.75,1.0,0.75,two_stage_0.25,0.25,0.6546536707079771,0
seed_100_139,0.75,1.0,0.75,two_stage_0.30,0.3,0.507221897983695,0
seed_100_139,0.75,1.0,0.75,two_stage_0.35,0.35,0.48849546193683274,1
seed_100_139,0.75,1.0,0.75,two_stage_0.40,0.4,0.5137753155020669,0
seed_100_139,0.75,1.0,0.75,two_stage_0.45,0.45,0.6031307920948246,0
seed_100_139,0.75,1.0,0.75,two_stage_0.50,0.5,0.7559289460184544,0
seed_100_139,0.8,1.0,0.8,two_stage_0.25,0.25,0.6666666666666667,0
seed_100_139,0.8,1.0,0.8,two_stage_0.30,0.3,0.5143090772054182,0
seed_100_139,0.8,1.0,0.8,two_stage_0.35,0.35,0.48948345134469323,1
seed_100_139,0.8,1.0,0.8,two_stage_0.40,0.4,0.5087837710139033,0
seed_100_139,0.8,1.0,0.8,two_stage_0.45,0.45,0.5954030853282509,0
seed_100_139,0.8,1.0,0.8,two_stage_0.50,0.5,0.7453559924999299,0
seed_100_139,0.85,1.0,0.85,two_stage_0.25,0.25,0.677834389404565,0
seed_100_139,0.85,1.0,0.85,two_stage_0.30,0.3,0.5209244291747287,0
seed_100_139,0.85,1.0,0.85,two_stage_0.35,0.35,0.49041620400160507,1
seed_100_139,0.85,1.0,0.85,two_stage_0.40,0.4,0.5040165438061107,0
seed_100_139,0.85,1.0,0.85,two_stage_0.45,0.45,0.5879996257645496,0
seed_100_139,0.85,1.0,0.85,two_stage_0.50,0.5,0.7352146220938077,0
seed_100_139,0.9,1.0,0.9,two_stage_0.25,0.25,0.6882472016116853,0
seed_100_139,0.9,1.0,0.9,two_stage_0.30,0.3,0.5271150263752798,0
seed_100_139,0.9,1.0,0.9,two_stage_0.35,0.35,0.49129823089476005,1
seed_100_139,0.9,1.0,0.9,two_stage_0.40,0.4,0.4994582521024372,0
seed_100_139,0.9,1.0,0.9,two_stage_0.45,0.45,0.5808987910734381,0
seed_100_139,0.9,1.0,0.9,two_stage_0.50,0.5,0.7254762501100116,0
seed_100_139,0.95,1.0,0.95,two_stage_0.25,0.25,0.6979824404521128,0
seed_100_139,0.95,1.0,0.95,two_stage_0.30,0.3,0.5329216862806171,0
seed_100_139,0.95,1.0,0.95,two_stage_0.35,0.35,0.492133564350497,1
seed_100_139,0.95,1.0,0.95,two_stage_0.40,0.4,0.4950949258155874,0
seed_100_139,0.95,1.0,0.95,two_stage_0.45,0.45,0.5740809176300614,0
seed_100_139,0.95,1.0,0.95,two_stage_0.50,0.5,0.716114874039433,0
seed_100_139,1.0,1.0,1.0,two_stage_0.25,0.25,0.7071067811865476,0
seed_100_139,1.0,1.0,1.0,two_stage_0.30,0.3,0.5383800077564757,0
seed_100_139,1.0,1.0,1.0,two_stage_0.35,0.35,0.49292581994284734,0
seed_100_139,1.0,1.0,1.0,two_stage_0.40,0.4,0.49091384533816745,1
seed_100_139,1.0,1.0,1.0,two_stage_0.45,0.45,0.567528078404536,0
seed_100_139,1.0,1.0,1.0,two_stage_0.50,0.5,0.7071067811865476,0
seed_100_139,1.05,1.0,1.05,two_stage_0.25,0.25,0.7156780854205468,0
seed_100_139,1.05,1.0,1.05,two_stage_0.30,0.3,0.5435212023941244,0
seed_100_139,1.05,1.0,1.05,two_stage_0.35,0.35,0.4936782490269174,0
seed_100_139,1.05,1.0,1.05,two_stage_0.40,0.4,0.4869034022095132,1
seed_100_139,1.05,1.0,1.05,two_stage_0.45,0.45,0.5612238908634362,0
seed_100_139,1.05,1.0,1.05,two_stage_0.50,0.5,0.6984302957695783,0
seed_100_139,1.1,1.0,1.1,two_stage_0.25,0.25,0.7237468644557459,0
seed_100_139,1.1,1.0,1.1,two_stage_0.30,0.3,0.5483727677451015,0
seed_100_139,1.1,1.0,1.1,two_stage_0.35,0.35,0.4943937835141922,0
seed_100_139,1.1,1.0,1.1,two_stage_0.40,0.4,0.4830529782399912,1
seed_100_139,1.1,1.0,1.1,two_stage_0.45,0.45,0.5551533502067245,0
seed_100_139,1.1,1.0,1.1,two_stage_0.50,0.5,0.6900655593423543,0
seed_100_139,1.15,1.0,1.15,two_stage_0.25,0.25,0.7313574508612273,0
seed_100_139,1.15,1.0,1.15,two_stage_0.30,0.3,0.5529590372658592,0
seed_100_139,1.15,1.0,1.15,two_stage_0.35,0.35,0.4950750741954603,0
seed_100_139,1.15,1.0,1.15,two_stage_0.40,0.4,0.47935284027571473,1
seed_100_139,1.15,1.0,1.15,two_stage_0.45,0.45,0.5493026840846398,0
seed_100_139,1.15,1.0,1.15,two_stage_0.50,0.5,0.6819943394704735,0
seed_100_139,1.2,1.0,1.2,two_stage_0.25,0.25,0.7385489458759964,0
seed_100_139,1.2,1.0,1.2,two_stage_0.30,0.3,0.5573016331129731,0
seed_100_139,1.2,1.0,1.2,two_stage_0.35,0.35,0.49572452367159736,0
seed_100_139,1.2,1.0,1.2,two_stage_0.40,0.4,0.47579404827088523,1
seed_100_139,1.2,1.0,1.2,two_stage_0.45,0.45,0.5436592256004507,0
seed_100_139,1.2,1.0,1.2,two_stage_0.50,0.5,0.674199862463242,0
seed_100_139,1.25,1.0,1.25,two_stage_0.25,0.25,0.7453559924999299,0
seed_100_139,1.25,1.0,1.25,two_stage_0.30,0.3,0.5614198416584835,0
seed_100_139,1.25,1.0,1.25,two_stage_0.35,0.35,0.49634431475775365,0
seed_100_139,1.25,1.0,1.25,two_stage_0.40,0.4,0.4723683747270603,1
seed_100_139,1.25,1.0,1.25,two_stage_0.45,0.45,0.5382113019406876,0
seed_100_139,1.25,1.0,1.25,two_stage_0.50,0.5,0.6666666666666666,0
seed_100_139,1.3,1.0,1.3,two_stage_0.25,0.25,0.7518094115561124,0
seed_100_139,1.3,1.0,1.3,two_stage_0.30,0.3,0.5653309269954823,0
seed_100_139,1.3,1.0,1.3,two_stage_0.35,0.35,0.49693643507114305,0
seed_100_139,1.3,1.0,1.3,two_stage_0.40,0.4,0.4690682338777245,1
seed_100_139,1.3,1.0,1.3,two_stage_0.45,0.45,0.5329481364105684,0
seed_100_139,1.3,1.0,1.3,two_stage_0.50,0.5,0.6593804733957871,0
seed_100_139,1.35,1.0,1.35,two_stage_0.25,0.25,0.7579367289598671,0
seed_100_139,1.35,1.0,1.35,two_stage_0.30,0.3,0.5690503942882894,0
seed_100_139,1.35,1.0,1.35,two_stage_0.35,0.35,0.4975026983879868,0
seed_100_139,1.35,1.0,1.35,two_stage_0.40,0.4,0.46588661925747793,1
seed_100_139,1.35,1.0,1.35,two_stage_0.45,0.45,0.5278597620091094,0
seed_100_139,1.35,1.0,1.35,two_stage_0.50,0.5,0.6523280730534422,0
seed_100_139,1.4,1.0,1.4,two_stage_0.25,0.25,0.7637626158259734,0
seed_100_139,1.4,1.0,1.4,two_stage_0.30,0.3,0.5725922122556537,0
seed_100_139,1.4,1.0,1.4,two_stage_0.35,0.35,0.49804476325462144,0
seed_100_139,1.4,1.0,1.4,two_stage_0.40,0.4,0.46281704850953104,1
seed_100_139,1.4,1.0,1.4,two_stage_0.45,0.45,0.5229369449716307,0
seed_100_139,1.4,1.0,1.4,two_stage_0.50,0.5,0.6454972243679028,0
seed_100_139,1.45,1.0,1.45,two_stage_0.25,0.25,0.769309258162072,0
seed_100_139,1.45,1.0,1.45,two_stage_0.30,0.3,0.5759690021274911,0
seed_100_139,1.45,1.0,1.45,two_stage_0.35,0.35,0.4985641492562613,0
seed_100_139,1.45,1.0,1.45,two_stage_0.40,0.4,0.4598535144621077,1
seed_100_139,1.45,1.0,1.45,two_stage_0.45,0.45,0.5181711169494312,0
seed_100_139,1.45,1.0,1.45,two_stage_0.50,0.5,0.6388765649999398,0
seed_100_139,1.5,1.0,1.5,two_stage_0.25,0.25,0.7745966692414834,0
seed_100_139,1.5,1.0,1.5,two_stage_0.30,0.3,0.5791921989224439,0
seed_100_139,1.5,1.0,1.5,two_stage_0.35,0.35,0.4990622512804957,0
seed_100_139,1.5,1.0,1.5,two_stage_0.40,0.4,0.4569904416509683,1
seed_100_139,1.5,1.0,1.5,two_stage_0.45,0.45,0.5135543146970978,0
seed_100_139,1.5,1.0,1.5,two_stage_0.50,0.5,0.6324555320336759,0
seed_100_139,1.55,1.0,1.55,two_stage_0.25,0.25,0.7796429549831781,0
seed_100_139,1.55,1.0,1.55,two_stage_0.30,0.3,0.5822721897385028,0
seed_100_139,1.55,1.0,1.55,two_stage_0.35,0.35,0.4995403520582461,0
seed_100_139,1.55,1.0,1.55,two_stage_0.40,0.4,0.4542226475872616,1
seed_100_139,1.55,1.0,1.55,two_stage_0.45,0.45,0.5090791263049531,0
seed_100_139,1.55,1.0,1.55,two_stage_0.50,0.5,0.6262242910851495,0
seed_100_139,1.6,1.0,1.6,two_stage_0.25,0.25,0.7844645405527362,0
seed_100_139,1.6,1.0,1.6,two_stage_0.30,0.3,0.5852184328479746,0
seed_100_139,1.6,1.0,1.6,two_stage_0.35,0.35,0.49999963322022645,0
seed_100_139,1.6,1.0,1.6,two_stage_0.40,0.4,0.45154530817182026,1
seed_100_139,1.6,1.0,1.6,two_stage_0.45,0.45,0.5047386431537533,0
seed_100_139,1.6,1.0,1.6,two_stage_0.50,0.5,0.6201736729460422,0
seed_100_139,1.65,1.0,1.65,two_stage_0.25,0.25,0.7890763647670371,0
seed_100_139,1.65,1.0,1.65,two_stage_0.30,0.3,0.5880395606797933,0
seed_100_139,1.65,1.0,1.65,two_stage_0.35,0.35,0.5004411850700592,0
seed_100_139,1.65,1.0,1.65,two_stage_0.40,0.4,0.4489539267424591,1
seed_100_139,1.65,1.0,1.65,two_stage_0.45,0.45,0.5005264168858251,0
seed_100_139,1.65,1.0,1.65,two_stage_0.50,0.5,0.6142951168339512,0
seed_100_139,1.7,1.0,1.7,two_stage_0.25,0.25,0.7934920476158722,0
seed_100_139,1.7,1.0,1.7,two_stage_0.30,0.3,0.5907434692112997,0
seed_100_139,1.7,1.0,1.7,two_stage_0.35,0.35,0.5008660152446277,0
seed_100_139,1.7,1.0,1.7,two_stage_0.40,0.4,0.44644430631273085,1
seed_100_139,1.7,1.0,1.7,two_stage_0.45,0.45,0.49643642078539746,0
seed_100_139,1.7,1.0,1.7,two_stage_0.50,0.5,0.6085806194501846,0
seed_100_139,1.75,1.0,1.75,two_stage_0.25,0.25,0.7977240352174656,0
seed_100_139,1.75,1.0,1.75,two_stage_0.30,0.3,0.5933373958444176,0
seed_100_139,1.75,1.0,1.75,two_stage_0.35,0.35,0.501275056406799,0
seed_100_139,1.75,1.0,1.75,two_stage_0.40,0.4,0.4440125246212996,1
seed_100_139,1.75,1.0,1.75,two_stage_0.45,0.45,0.49246301504413,0
seed_100_139,1.75,1.0,1.75,two_stage_0.50,0.5,0.6030226891555273,0
seed_100_139,1.8,1.0,1.8,two_stage_0.25,0.25,0.8017837257372732,0
seed_100_139,1.8,1.0,1.8,two_stage_0.30,0.3,0.5958279874823138,0
seed_100_139,1.8,1.0,1.8,two_stage_0.35,0.35,0.5016691730944068,0
seed_100_139,1.8,1.0,1.8,two_stage_0.40,0.4,0.4416549116625126,1
seed_100_139,1.8,1.0,1.8,two_stage_0.45,0.45,0.4886009154583877,0
seed_100_139,1.8,1.0,1.8,two_stage_0.50,0.5,0.5976143046671968,0
seed_100_139,1.85,1.0,1.85,two_stage_0.25,0.25,0.8056815791722831,0
seed_100_139,1.85,1.0,1.85,two_stage_0.30,0.3,0.5982213602329414,0
seed_100_139,1.85,1.0,1.85,two_stage_0.35,0.35,0.5020491678315685,0
seed_100_139,1.85,1.0,1.85,two_stage_0.40,0.4,0.4393680294124559,1
seed_100_139,1.85,1.0,1.85,two_stage_0.45,0.45,0.48484516516478793,0
seed_100_139,1.85,1.0,1.85,two_stage_0.50,0.5,0.5923488777590924,0
seed_100_139,1.9,1.0,1.9,two_stage_0.25,0.25,0.8094272134003795,0
seed_100_139,1.9,1.0,1.9,two_stage_0.30,0.3,0.6005231519306774,0
seed_100_139,1.9,1.0,1.9,two_stage_0.35,0.35,0.5024157865934382,0
seed_100_139,1.9,1.0,1.9,two_stage_0.40,0.4,0.4371486535020229,1
seed_100_139,1.9,1.0,1.9,two_stage_0.45,0.45,0.4811911090716859,0
seed_100_139,1.9,1.0,1.9,two_stage_0.50,0.5,0.5872202195147035,0
seed_100_139,1.95,1.0,1.95,two_stage_0.25,0.25,0.8130294884889122,0
seed_100_139,1.95,1.0,1.95,two_stage_0.30,0.3,0.602738568475298,0
seed_100_139,1.95,1.0,1.95,two_stage_0.35,0.35,0.5027697237028481,0
seed_100_139,1.95,1.0,1.95,two_stage_0.40,0.4,0.43499375662037293,1
seed_100_139,1.95,1.0,1.95,two_stage_0.45,0.45,0.47763437068800224,0
seed_100_139,1.95,1.0,1.95,two_stage_0.50,0.5,0.582222509739582,0
seed_100_139,2.0,1.0,2.0,two_stage_0.25,0.25,0.816496580927726,0
seed_100_139,2.0,1.0,2.0,two_stage_0.30,0.3,0.60487242483005,0
seed_100_139,2.0,1.0,2.0,two_stage_0.35,0.35,0.5031116262266013,0
seed_100_139,2.0,1.0,2.0,two_stage_0.40,0.4,0.4329004934594566,1
seed_100_139,2.0,1.0,2.0,two_stage_0.45,0.45,0.4741708310883108,0
seed_100_139,2.0,1.0,2.0,two_stage_0.50,0.5,0.5773502691896257,0
seed_200_239,0.25,1.0,0.25,two_stage_0.25,0.25,0.4472135954999579,0
seed_200_239,0.25,1.0,0.25,two_stage_0.30,0.3,0.40089279428865104,1
seed_200_239,0.25,1.0,0.25,two_stage_0.35,0.35,0.4683337117185761,0
seed_200_239,0.25,1.0,0.25,two_stage_0.40,0.4,0.5635895308014386,0
seed_200_239,0.25,1.0,0.25,two_stage_0.45,0.45,0.7155951502784981,0
seed_200_239,0.25,1.0,0.25,two_stage_0.50,0.5,0.8944271909999159,0
seed_200_239,0.3,1.0,0.3,two_stage_0.25,0.25,0.48038446141526137,0
seed_200_239,0.3,1.0,0.3,two_stage_0.30,0.3,0.42246372013785277,1
seed_200_239,0.3,1.0,0.3,two_stage_0.35,0.35,0.47466538415154824,0
seed_200_239,0.3,1.0,0.3,two_stage_0.40,0.4,0.5557766743823391,0
seed_200_239,0.3,1.0,0.3,two_stage_0.45,0.45,0.7027350228125184,0
seed_200_239,0.3,1.0,0.3,two_stage_0.50,0.5,0.8770580193070292,0
seed_200_239,0.35,1.0,0.35,two_stage_0.25,0.25,0.5091750772173156,0
seed_200_239,0.35,1.0,0.35,two_stage_0.30,0.3,0.44149808600260687,1
seed_200_239,0.35,1.0,0.35,two_stage_0.35,0.35,0.4804536498671454,0
seed_200_239,0.35,1.0,0.35,two_stage_0.40,0.4,0.548443320013647,0
seed_200_239,0.35,1.0,0.35,two_stage_0.45,0.45,0.6906140091838701,0
seed_200_239,0.35,1.0,0.35,two_stage_0.50,0.5,0.8606629658238704,0
seed_200_239,0.4,1.0,0.4,two_stage_0.25,0.25,0.5345224838248488,0
seed_200_239,0.4,1.0,0.4,two_stage_0.30,0.3,0.45846579446031427,1
seed_200_239,0.4,1.0,0.4,two_stage_0.35,0.35,0.48576671438453745,0
seed_200_239,0.4,1.0,0.4,two_stage_0.40,0.4,0.5415448655063171,0
seed_200_239,0.4,1.0,0.4,two_stage_0.45,0.45,0.679165112559555,0
seed_200_239,0.4,1.0,0.4,two_stage_0.50,0.5,0.8451542547285166,0
seed_200_239,0.45,1.0,0.45,two_stage_0.25,0.25,0.5570860145311556,0
seed_200_239,0.45,1.0,0.45,two_stage_0.30,0.3,0.4737173034539968,1
seed_200_239,0.45,1.0,0.45,two_stage_0.35,0.35,0.4906616463199696,0
seed_200_239,0.45,1.0,0.45,two_stage_0.40,0.4,0.535042218241582,0
seed_200_239,0.45,1.0,0.45,two_stage_0.45,0.45,0.668329514154826,0
seed_200_239,0.45,1.0,0.45,two_stage_0.50,0.5,0.8304547985373997,0
seed_200_239,0.5,1.0,0.5,two_stage_0.25,0.25,0.5773502691896257,0
seed_200_239,0.5,1.0,0.5,two_stage_0.30,0.3,0.48752176283035664,1
seed_200_239,0.5,1.0,0.5,two_stage_0.35,0.35,0.49518659598566034,0
seed_200_239,0.5,1.0,0.5,two_stage_0.40,0.4,0.5289009551096019,0
seed_200_239,0.5,1.0,0.5,two_stage_0.45,0.45,0.6580553342270383,0
seed_200_239,0.5,1.0,0.5,two_stage_0.50,0.5,0.816496580927726,0
seed_200_239,0.55,1.0,0.55,two_stage_0.25,0.25,0.5956833971812706,0
seed_200_239,0.55,1.0,0.55,two_stage_0.30,0.3,0.5000907572416087,0
seed_200_239,0.55,1.0,0.55,two_stage_0.35,0.35,0.4993824963252979,1
seed_200_239,0.55,1.0,0.55,two_stage_0.40,0.4,0.5230906334601398,0
seed_200_239,0.55,1.0,0.55,two_stage_0.45,0.45,0.6482966149358863,0
seed_200_239,0.55,1.0,0.55,two_stage_0.50,0.5,0.8032193289024988,0
seed_200_239,0.6,1.0,0.6,two_stage_0.25,0.25,0.6123724356957945,0
seed_200_239,0.6,1.0,0.6,two_stage_0.30,0.3,0.5115938141811562,0
seed_200_239,0.6,1.0,0.6,two_stage_0.35,0.35,0.5032843837024877,1
seed_200_239,0.6,1.0,0.6,two_stage_0.40,0.4,0.5175842220407167,0
seed_200_239,0.6,1.0,0.6,two_stage_0.45,0.45,0.6390124796065855,0
seed_200_239,0.6,1.0,0.6,two_stage_0.50,0.5,0.7905694150420949,0
seed_200_239,0.65,1.0,0.65,two_stage_0.25,0.25,0.6276459144608478,0
seed_200_239,0.65,1.0,0.65,two_stage_0.30,0.3,0.5221689334069338,0
seed_200_239,0.65,1.0,0.65,two_stage_0.35,0.35,0.5069224353292361,1
seed_200_239,0.65,1.0,0.65,two_stage_0.40,0.4,0.5123576280213814,0
seed_200_239,0.65,1.0,0.65,two_stage_0.45,0.45,0.6301664333523337,0
seed_200_239,0.65,1.0,0.65,two_stage_0.50,0.5,0.778498944161523,0
seed_200_239,0.7,1.0,0.7,two_stage_0.25,0.25,0.6416889479197478,0
seed_200_239,0.7,1.0,0.7,two_stage_0.30,0.3,0.5319299679784965,0
seed_200_239,0.7,1.0,0.7,two_stage_0.35,0.35,0.5103227926267031,0
seed_200_239,0.7,1.0,0.7,two_stage_0.40,0.4,0.5073893015310057,1
seed_200_239,0.7,1.0,0.7,two_stage_0.45,0.45,0.6217257778060304,0
seed_200_239,0.7,1.0,0.7,two_stage_0.50,0.5,0.7669649888473704,0
seed_200_239,0.75,1.0,0.75,two_stage_0.25,0.25,0.6546536707079771,0
seed_200_239,0.75,1.0,0.75,two_stage_0.30,0.3,0.5409719385692767,0
seed_200_239,0.75,1.0,0.75,two_stage_0.35,0.35,0.5135082208920315,0
seed_200_239,0.75,1.0,0.75,two_stage_0.40,0.4,0.5026599031502686,1
seed_200_239,0.75,1.0,0.75,two_stage_0.45,0.45,0.6136611185971546,0
seed_200_239,0.75,1.0,0.75,two_stage_0.50,0.5,0.7559289460184544,0
seed_200_239,0.8,1.0,0.8,two_stage_0.25,0.25,0.6666666666666667,0
seed_200_239,0.8,1.0,0.8,two_stage_0.30,0.3,0.5493749477061166,0
seed_200_239,0.8,1.0,0.8,two_stage_0.35,0.35,0.5164986424025446,0
seed_200_239,0.8,1.0,0.8,two_stage_0.40,0.4,0.4981520228687578,1
seed_200_239,0.8,1.0,0.8,two_stage_0.45,0.45,0.6059459486951948,0
seed_200_239,0.8,1.0,0.8,two_stage_0.50,0.5,0.7453559924999299,0
seed_200_239,0.85,1.0,0.85,two_stage_0.25,0.25,0.677834389404565,0
seed_200_239,0.85,1.0,0.85,two_stage_0.30,0.3,0.5572071196954005,0
seed_200_239,0.85,1.0,0.85,two_stage_0.35,0.35,0.5193115706741743,0
seed_200_239,0.85,1.0,0.85,two_stage_0.40,0.4,0.493849941366005,1
seed_200_239,0.85,1.0,0.85,two_stage_0.45,0.45,0.5985562941883406,0
seed_200_239,0.85,1.0,0.85,two_stage_0.50,0.5,0.7352146220938077,0
seed_200_239,0.9,1.0,0.9,two_stage_0.25,0.25,0.6882472016116853,0
seed_200_239,0.9,1.0,0.9,two_stage_0.30,0.3,0.5645268465875821,0
seed_200_239,0.9,1.0,0.9,two_stage_0.35,0.35,0.5219624668029198,0
seed_200_239,0.9,1.0,0.9,two_stage_0.40,0.4,0.4897394262977429,1
seed_200_239,0.9,1.0,0.9,two_stage_0.45,0.45,0.5914704117366969,0
seed_200_239,0.9,1.0,0.9,two_stage_0.50,0.5,0.7254762501100116,0
seed_200_239,0.95,1.0,0.95,two_stage_0.25,0.25,0.6979824404521128,0
seed_200_239,0.95,1.0,0.95,two_stage_0.30,0.3,0.5713845297468031,0
seed_200_239,0.95,1.0,0.95,two_stage_0.35,0.35,0.5244650338602743,0
seed_200_239,0.95,1.0,0.95,two_stage_0.40,0.4,0.48580755768965145,1
seed_200_239,0.95,1.0,0.95,two_stage_0.45,0.45,0.5846685290236524,0
seed_200_239,0.95,1.0,0.95,two_stage_0.50,0.5,0.716114874039433,0
seed_200_239,1.0,1.0,1.0,two_stage_0.25,0.25,0.7071067811865476,0
seed_200_239,1.0,1.0,1.0,two_stage_0.30,0.3,0.5778239482178272,0
seed_200_239,1.0,1.0,1.0,two_stage_0.35,0.35,0.526831461649335,0
seed_200_239,1.0,1.0,1.0,two_stage_0.40,0.4,0.482042577657232,1
seed_200_239,1.0,1.0,1.0,two_stage_0.45,0.45,0.5781326211673667,0
seed_200_239,1.0,1.0,1.0,two_stage_0.50,0.5,0.7071067811865476,0
seed_200_239,1.05,1.0,1.05,two_stage_0.25,0.25,0.7156780854205468,0
seed_200_239,1.05,1.0,1.05,two_stage_0.30,0.3,0.583883346564255,0
seed_200_239,1.05,1.0,1.05,two_stage_0.35,0.35,0.5290726313905117,0
seed_200_239,1.05,1.0,1.05,two_stage_0.40,0.4,0.47843376055338266,1
seed_200_239,1.05,1.0,1.05,two_stage_0.45,0.45,0.5718462173507204,0
seed_200_239,1.05,1.0,1.05,two_stage_0.50,0.5,0.6984302957695783,0
seed_200_239,1.1,1.0,1.1,two_stage_0.25,0.25,0.7237468644557459,0
seed_200_239,1.1,1.0,1.1,two_stage_0.30,0.3,0.5895963088466413,0
seed_200_239,1.1,1.0,1.1,two_stage_0.35,0.35,0.5311982878394218,0
seed_200_239,1.1,1.0,1.1,two_stage_0.40,0.4,0.47497130034795326,1
seed_200_239,1.1,1.0,1.1,two_stage_0.45,0.45,0.5657942329603254,0
seed_200_239,1.1,1.0,1.1,two_stage_0.50,0.5,0.6900655593423543,0
seed_200_239,1.15,1.0,1.15,two_stage_0.25,0.25,0.7313574508612273,0
seed_200_239,1.15,1.0,1.15,two_stage_0.30,0.3,0.5949924674893738,0
seed_200_239,1.15,1.0,1.15,two_stage_0.35,0.35,0.5332171847653593,0
seed_200_239,1.15,1.0,1.15,two_stage_0.40,0.4,0.4716462126061855,1
seed_200_239,1.15,1.0,1.15,two_stage_0.45,0.45,0.559962823352073,0
seed_200_239,1.15,1.0,1.15,two_stage_0.50,0.5,0.6819943394704735,0
seed_200_239,1.2,1.0,1.2,two_stage_0.25,0.25,0.7385489458759964,0
seed_200_239,1.2,1.0,1.2,two_stage_0.30,0.3,0.6000980832085914,0
seed_200_239,1.2,1.0,1.2,two_stage_0.35,0.35,0.5351372085089656,0
seed_200_239,1.2,1.0,1.2,two_stage_0.40,0.4,0.4684502488859557,1
seed_200_239,1.2,1.0,1.2,two_stage_0.45,0.45,0.5543392560268094,0
seed_200_239,1.2,1.0,1.2,two_stage_0.50,0.5,0.674199862463242,0
seed_200_239,1.25,1.0,1.25,two_stage_0.25,0.25,0.7453559924999299,0
seed_200_239,1.25,1.0,1.25,two_stage_0.30,0.3,0.6049365231997307,0
seed_200_239,1.25,1.0,1.25,two_stage_0.35,0.35,0.5369654834004489,0
seed_200_239,1.25,1.0,1.25,two_stage_0.40,0.4,0.4653758217404743,1
seed_200_239,1.25,1.0,1.25,two_stage_0.45,0.45,0.5489117985392374,0
seed_200_239,1.25,1.0,1.25,two_stage_0.50,0.5,0.6666666666666666,0
seed_200_239,1.3,1.0,1.3,two_stage_0.25,0.25,0.7518094115561124,0
seed_200_239,1.3,1.0,1.3,two_stage_0.30,0.3,0.6095286582837117,0
seed_200_239,1.3,1.0,1.3,two_stage_0.35,0.35,0.5387084620879833,0
seed_200_239,1.3,1.0,1.3,two_stage_0.40,0.4,0.4624159388114949,1
seed_200_239,1.3,1.0,1.3,two_stage_0.45,0.45,0.5436696199023363,0
seed_200_239,1.3,1.0,1.3,two_stage_0.50,0.5,0.6593804733957871,0
seed_200_239,1.35,1.0,1.35,two_stage_0.25,0.25,0.7579367289598671,0
seed_200_239,1.35,1.0,1.35,two_stage_0.30,0.3,0.6138931949385426,0
seed_200_239,1.35,1.0,1.35,two_stage_0.35,0.35,0.5403720032505958,0
seed_200_239,1.35,1.0,1.35,two_stage_0.40,0.4,0.4595641447420776,1
seed_200_239,1.35,1.0,1.35,two_stage_0.45,0.45,0.5386027036088917,0
seed_200_239,1.35,1.0,1.35,two_stage_0.50,0.5,0.6523280730534422,0
seed_200_239,1.4,1.0,1.4,two_stage_0.25,0.25,0.7637626158259734,0
seed_200_239,1.4,1.0,1.4,two_stage_0.30,0.3,0.6180469545952381,0
seed_200_239,1.4,1.0,1.4,two_stage_0.35,0.35,0.5419614387144434,0
seed_200_239,1.4,1.0,1.4,two_stage_0.40,0.4,0.4568144698383779,1
seed_200_239,1.4,1.0,1.4,two_stage_0.45,0.45,0.533701770687006,0
seed_200_239,1.4,1.0,1.4,two_stage_0.50,0.5,0.6454972243679028,0
seed_200_239,1.45,1.0,1.45,two_stage_0.25,0.25,0.769309258162072,0
seed_200_239,1.45,1.0,1.45,two_stage_0.30,0.3,0.62200510990896,0
seed_200_239,1.45,1.0,1.45,two_stage_0.35,0.35,0.5434816316286137,0
seed_200_239,1.45,1.0,1.45,two_stage_0.40,0.4,0.45416138457530714,1
seed_200_239,1.45,1.0,1.45,two_stage_0.45,0.45,0.5289582114502324,0
seed_200_239,1.45,1.0,1.45,two_stage_0.50,0.5,0.6388765649999398,0
seed_200_239,1.5,1.0,1.5,two_stage_0.25,0.25,0.7745966692414834,0
seed_200_239,1.5,1.0,1.5,two_stage_0.30,0.3,0.6257813856887485,0
seed_200_239,1.5,1.0,1.5,two_stage_0.35,0.35,0.5449370270658805,0
seed_200_239,1.5,1.0,1.5,two_stage_0.40,0.4,0.45159975917794315,1
seed_200_239,1.5,1.0,1.5,two_stage_0.45,0.45,0.5243640248050628,0
seed_200_239,1.5,1.0,1.5,two_stage_0.50,0.5,0.6324555320336759,0
seed_200_239,1.55,1.0,1.55,two_stage_0.25,0.25,0.7796429549831781,0
seed_200_239,1.55,1.0,1.55,two_stage_0.30,0.3,0.6293882306133225,0
seed_200_239,1.55,1.0,1.55,two_stage_0.35,0.35,0.5463316961795694,0
seed_200_239,1.55,1.0,1.55,two_stage_0.40,0.4,0.44912482762457423,1
seed_200_239,1.55,1.0,1.55,two_stage_0.45,0.45,0.5199117641467156,0
seed_200_239,1.55,1.0,1.55,two_stage_0.50,0.5,0.6262242910851495,0
seed_200_239,1.6,1.0,1.6,two_stage_0.25,0.25,0.7844645405527362,0
seed_200_239,1.6,1.0,1.6,two_stage_0.30,0.3,0.6328369646556733,0
seed_200_239,1.6,1.0,1.6,two_stage_0.35,0.35,0.5476693748578786,0
seed_200_239,1.6,1.0,1.6,two_stage_0.40,0.4,0.44673215551248346,1
seed_200_239,1.6,1.0,1.6,two_stage_0.45,0.45,0.5155944890147361,0
seed_200_239,1.6,1.0,1.6,two_stage_0.50,0.5,0.6201736729460422,0
seed_200_239,1.65,1.0,1.65,two_stage_0.25,0.25,0.7890763647670371,0
seed_200_239,1.65,1.0,1.65,two_stage_0.30,0.3,0.6361379061984643,0
seed_200_239,1.65,1.0,1.65,two_stage_0.35,0.35,0.5489534976624282,0
seed_200_239,1.65,1.0,1.65,two_stage_0.40,0.4,0.44441761130740043,1
seed_200_239,1.65,1.0,1.65,two_stage_0.45,0.45,0.5114057217978272,0
seed_200_239,1.65,1.0,1.65,two_stage_0.50,0.5,0.6142951168339512,0
seed_200_239,1.7,1.0,1.7,two_stage_0.25,0.25,0.7934920476158722,0
seed_200_239,1.7,1.0,1.7,two_stage_0.30,0.3,0.639300482081964,0
seed_200_239,1.7,1.0,1.7,two_stage_0.35,0.35,0.5501872277113327,0
seed_200_239,1.7,1.0,1.7,two_stage_0.40,0.4,0.44217734056470964,1
seed_200_239,1.7,1.0,1.7,two_stage_0.45,0.45,0.5073394088765634,0
seed_200_239,1.7,1.0,1.7,two_stage_0.50,0.5,0.6085806194501846,0
seed_200_239,1.75,1.0,1.75,two_stage_0.25,0.25,0.7977240352174656,0
seed_200_239,1.75,1.0,1.75,two_stage_0.30,0.3,0.6423333232394222,0
seed_200_239,1.75,1.0,1.75,two_stage_0.35,0.35,0.5513734830631185,0
seed_200_239,1.75,1.0,1.75,two_stage_0.40,0.4,0.44000774276719773,1
seed_200_239,1.75,1.0,1.75,two_stage_0.45,0.45,0.5033898856764704,0
seed_200_239,1.75,1.0,1.75,two_stage_0.50,0.5,0.6030226891555273,0
seed_200_239,1.8,1.0,1.8,two_stage_0.25,0.25,0.8017837257372732,0
seed_200_239,1.8,1.0,1.8,two_stage_0.30,0.3,0.645244348106446,0
seed_200_239,1.8,1.0,1.8,two_stage_0.35,0.35,0.5525149600719653,0
seed_200_239,1.8,1.0,1.8,two_stage_0.40,0.4,0.4379054504721435,1
seed_200_239,1.8,1.0,1.8,two_stage_0.45,0.45,0.49955184517498075,0
seed_200_239,1.8,1.0,1.8,two_stage_0.50,0.5,0.5976143046671968,0
seed_200_239,1.85,1.0,1.85,two_stage_0.25,0.25,0.8056815791722831,0
seed_200_239,1.85,1.0,1.85,two_stage_0.30,0.3,0.6480408356147361,0
seed_200_239,1.85,1.0,1.85,two_stage_0.35,0.35,0.5536141541135788,0
seed_200_239,1.85,1.0,1.85,two_stage_0.40,0.4,0.4358673105013541,1
seed_200_239,1.85,1.0,1.85,two_stage_0.45,0.45,0.4958203094661675,0
seed_200_239,1.85,1.0,1.85,two_stage_0.50,0.5,0.5923488777590924,0
seed_200_239,1.9,1.0,1.9,two_stage_0.25,0.25,0.8094272134003795,0
seed_200_239,1.9,1.0,1.9,two_stage_0.30,0.3,0.6507294892765441,0
seed_200_239,1.9,1.0,1.9,two_stage_0.35,0.35,0.554673378021753,0
seed_200_239,1.9,1.0,1.9,two_stage_0.40,0.4,0.4338903669425259,1
seed_200_239,1.9,1.0,1.9,two_stage_0.45,0.45,0.4921906040386431,0
seed_200_239,1.9,1.0,1.9,two_stage_0.50,0.5,0.5872202195147035,0
seed_200_239,1.95,1.0,1.95,two_stage_0.25,0.25,0.8130294884889122,0
seed_200_239,1.95,1.0,1.95,two_stage_0.30,0.3,0.6533164936191572,0
seed_200_239,1.95,1.0,1.95,two_stage_0.35,0.35,0.5556947785261797,0
seed_200_239,1.95,1.0,1.95,two_stage_0.40,0.4,0.43197184576003017,1
seed_200_239,1.95,1.0,1.95,two_stage_0.45,0.45,0.4886583344660522,0
seed_200_239,1.95,1.0,1.95,two_stage_0.50,0.5,0.582222509739582,0
seed_200_239,2.0,1.0,2.0,two_stage_0.25,0.25,0.816496580927726,0
seed_200_239,2.0,1.0,2.0,two_stage_0.30,0.3,0.6558075640268707,0
seed_200_239,2.0,1.0,2.0,two_stage_0.35,0.35,0.556680350940541,0
seed_200_239,2.0,1.0,2.0,two_stage_0.40,0.4,0.43010914083870383,1
seed_200_239,2.0,1.0,2.0,two_stage_0.45,0.45,0.4852193652473497,0
seed_200_239,2.0,1.0,2.0,two_stage_0.50,0.5,0.5773502691896257,0
