trial,audit_rows,poison_rows_recovered,unsafe_selected,total_regret
1,1576,71,393,16.21321524468546
2,1576,70,393,16.21321524468546
3,1576,67,393,16.21321524468546
4,1576,74,393,16.21321524468546
5,1576,63,392,16.20742687464437
6,1576,61,392,16.20742687464437
7,1576,58,392,16.20742687464437
8,1576,70,393,16.21321524468546
9,1576,64,392,16.20742687464437
10,1576,69,393,16.21321524468546
11,1576,67,392,16.20742687464437
12,1576,62,392,16.20742687464437
13,1576,65,392,16.20742687464437
14,1576,63,392,16.20742687464437
15,1576,63,392,16.20742687464437
16,1576,70,392,16.207577242407055
17,1576,70,392,16.20742687464437
18,1576,67,393,16.21321524468546
19,1576,56,392,16.20742687464437
20,1576,67,393,16.21321524468546
21,1576,69,392,16.20742687464437
22,1576,55,392,16.20742687464437
23,1576,65,392,16.20742687464437
24,1576,51,392,16.20742687464437
25,1576,56,392,16.20742687464437
26,1576,73,393,16.21321524468546
27,1576,69,392,16.196789766255822
28,1576,68,390,16.14141297430834
29,1576,55,392,16.20742687464437
30,1576,81,391,16.17544921458432
31,1576,69,393,16.21321524468546
32,1576,62,393,16.21321524468546
33,1576,71,390,16.14141297430834
34,1576,59,392,16.20742687464437
35,1576,73,391,16.182071902179747
36,1576,63,393,16.21321524468546
37,1576,69,393,16.21321524468546
38,1576,61,393,16.21321524468546
39,1576,69,390,16.18260050342373
40,1576,59,392,16.20742687464437
41,1576,68,392,16.20742687464437
42,1576,70,393,16.21321524468546
43,1576,65,392,16.20742687464437
44,1576,55,392,16.20742687464437
45,1576,57,392,16.20742687464437
46,1576,70,392,16.196789766255822
47,1576,70,392,16.20742687464437
48,1576,74,393,16.21321524468546
49,1576,61,392,16.20742687464437
50,1576,74,393,16.21321524468546
51,1576,54,392,16.20742687464437
52,1576,57,392,16.20742687464437
53,1576,69,393,16.21321524468546
54,1576,71,391,16.182071902179747
55,1576,79,389,16.105470619675028
56,1576,62,392,16.20742687464437
57,1576,69,392,16.20742687464437
58,1576,69,392,16.196789766255822
59,1576,62,392,16.20742687464437
60,1576,61,392,16.20742687464437
61,1576,68,393,16.21321524468546
62,1576,62,393,16.21321524468546
63,1576,66,393,16.21321524468546
64,1576,46,392,16.20742687464437
65,1576,66,392,16.20742687464437
66,1576,55,392,16.20742687464437
67,1576,70,393,16.21321524468546
68,1576,62,392,16.20742687464437
69,1576,68,392,16.196789766255822
70,1576,67,392,16.20742687464437
71,1576,64,392,16.20742687464437
72,1576,72,391,16.188885873708163
73,1576,74,393,16.21321524468546
74,1576,67,391,16.188885873708163
75,1576,81,390,16.156156092332473
76,1576,65,393,16.21321524468546
77,1576,57,392,16.20742687464437
78,1576,62,392,16.20742687464437
79,1576,63,392,16.20742687464437
80,1576,69,392,16.20742687464437
81,1576,62,392,16.20742687464437
82,1576,74,393,16.21321524468546
83,1576,73,393,16.21321524468546
84,1576,65,393,16.21321524468546
85,1576,69,390,16.156156092332473
86,1576,62,393,16.21321524468546
87,1576,70,392,16.20742687464437
88,1576,62,392,16.20742687464437
89,1576,63,392,16.20742687464437
90,1576,67,392,16.20742687464437
91,1576,77,392,16.19915509217374
92,1576,70,393,16.21321524468546
93,1576,69,393,16.21321524468546
94,1576,62,392,16.20742687464437
95,1576,54,392,16.20742687464437
96,1576,65,393,16.21321524468546
97,1576,73,393,16.21321524468546
98,1576,61,393,16.21321524468546
99,1576,53,392,16.20742687464437
100,1576,76,393,16.21321524468546
101,1576,63,392,16.20742687464437
102,1576,74,391,16.182071902179747
103,1576,69,392,16.20742687464437
104,1576,59,392,16.20742687464437
105,1576,64,392,16.20742687464437
106,1576,61,393,16.21321524468546
107,1576,71,391,16.159398391655873
108,1576,71,391,16.186015936602143
109,1576,64,392,16.20742687464437
110,1576,63,392,16.20742687464437
111,1576,63,393,16.21321524468546
112,1576,59,392,16.20742687464437
113,1576,66,392,16.20742687464437
114,1576,73,391,16.182071902179747
115,1576,70,393,16.21321524468546
116,1576,75,391,16.182071902179747
117,1576,73,392,16.20742687464437
118,1576,63,392,16.20742687464437
119,1576,77,391,16.16232289551155
120,1576,57,392,16.20742687464437
121,1576,54,392,16.20742687464437
122,1576,66,393,16.21321524468546
123,1576,68,393,16.21321524468546
124,1576,80,391,16.17544921458432
125,1576,84,390,16.156156092332473
126,1576,61,393,16.21321524468546
127,1576,76,391,16.188885873708163
128,1576,78,391,16.186015936602143
129,1576,59,392,16.20742687464437
130,1576,65,393,16.21321524468546
131,1576,67,392,16.20742687464437
132,1576,62,393,16.21321524468546
133,1576,62,392,16.20742687464437
134,1576,65,392,16.20742687464437
135,1576,76,391,16.16232289551155
136,1576,62,392,16.20742687464437
137,1576,56,392,16.20742687464437
138,1576,60,392,16.20742687464437
139,1576,67,392,16.20742687464437
140,1576,74,390,16.156156092332473
141,1576,68,391,16.19808338230796
142,1576,63,392,16.20742687464437
143,1576,61,392,16.20742687464437
144,1576,62,393,16.21321524468546
145,1576,66,392,16.20742687464437
146,1576,63,392,16.20742687464437
147,1576,77,390,16.156156092332473
148,1576,52,392,16.20742687464437
149,1576,70,392,16.196789766255822
150,1576,53,392,16.20742687464437
151,1576,67,392,16.196789766255822
152,1576,75,391,16.186015936602143
153,1576,58,392,16.20742687464437
154,1576,63,392,16.20742687464437
155,1576,61,392,16.20742687464437
156,1576,62,393,16.21321524468546
157,1576,65,392,16.20742687464437
158,1576,70,393,16.21321524468546
159,1576,70,392,16.19915509217374
160,1576,61,392,16.20742687464437
161,1576,60,392,16.20742687464437
162,1576,66,392,16.19915509217374
163,1576,68,392,16.20742687464437
164,1576,63,392,16.20742687464437
165,1576,64,392,16.19915509217374
166,1576,61,393,16.21321524468546
167,1576,74,392,16.196789766255822
168,1576,57,392,16.20742687464437
169,1576,65,392,16.20742687464437
170,1576,62,392,16.20742687464437
171,1576,48,392,16.20742687464437
172,1576,71,392,16.19915509217374
173,1576,71,392,16.20742687464437
174,1576,66,393,16.21321524468546
175,1576,77,391,16.186015936602143
176,1576,67,392,16.20742687464437
177,1576,77,391,16.182071902179747
178,1576,68,393,16.21321524468546
179,1576,64,392,16.20742687464437
180,1576,58,392,16.20742687464437
181,1576,63,393,16.21321524468546
182,1576,61,392,16.20742687464437
183,1576,68,392,16.20742687464437
184,1576,62,392,16.20742687464437
185,1576,57,392,16.20742687464437
186,1576,71,392,16.19915509217374
187,1576,52,392,16.20742687464437
188,1576,68,392,16.196789766255822
189,1576,65,393,16.21321524468546
190,1576,67,392,16.19915509217374
191,1576,62,393,16.21321524468546
192,1576,72,393,16.21321524468546
193,1576,69,390,16.156156092332473
194,1576,71,392,16.19915509217374
195,1576,61,392,16.20742687464437
196,1576,62,392,16.20742687464437
197,1576,66,392,16.20742687464437
198,1576,63,392,16.20742687464437
199,1576,73,393,16.21321524468546
200,1576,71,392,16.20742687464437
201,1576,77,393,16.21321524468546
202,1576,70,392,16.196789766255822
203,1576,52,392,16.20742687464437
204,1576,78,390,16.14141297430834
205,1576,70,392,16.20742687464437
206,1576,56,392,16.20742687464437
207,1576,55,392,16.20742687464437
208,1576,71,391,16.182071902179747
209,1576,71,391,16.182071902179747
210,1576,88,390,16.140634089363605
211,1576,68,391,16.182071902179747
212,1576,79,392,16.207577242407055
213,1576,51,392,16.20742687464437
214,1576,72,391,16.16232289551155
215,1576,68,392,16.196789766255822
216,1576,61,392,16.20742687464437
217,1576,64,392,16.20742687464437
218,1576,63,392,16.20742687464437
219,1576,55,392,16.20742687464437
220,1576,73,391,16.186015936602143
221,1576,51,392,16.20742687464437
222,1576,62,392,16.20742687464437
223,1576,68,392,16.20742687464437
224,1576,65,391,16.182071902179747
225,1576,66,392,16.20742687464437
226,1576,69,393,16.21321524468546
227,1576,73,393,16.21321524468546
228,1576,78,391,16.188885873708163
229,1576,59,392,16.20742687464437
230,1576,63,393,16.21321524468546
231,1576,72,392,16.20742687464437
232,1576,61,392,16.20742687464437
233,1576,62,392,16.20742687464437
234,1576,58,392,16.20742687464437
235,1576,61,392,16.20742687464437
236,1576,63,393,16.21321524468546
237,1576,65,392,16.20742687464437
238,1576,64,392,16.20742687464437
239,1576,64,392,16.20742687464437
240,1576,60,392,16.20742687464437
241,1576,72,392,16.19915509217374
242,1576,58,392,16.20742687464437
243,1576,66,393,16.21321524468546
244,1576,74,391,16.172980272187065
245,1576,58,392,16.20742687464437
246,1576,52,392,16.20742687464437
247,1576,56,392,16.20742687464437
248,1576,68,393,16.21321524468546
249,1576,66,392,16.20742687464437
250,1576,74,392,16.207577242407055
251,1576,80,391,16.188885873708163
252,1576,67,392,16.20742687464437
253,1576,69,393,16.21321524468546
254,1576,58,392,16.20742687464437
255,1576,70,392,16.20742687464437
256,1576,63,392,16.20742687464437
257,1576,71,391,16.188885873708163
258,1576,64,392,16.20742687464437
259,1576,51,392,16.20742687464437
260,1576,54,392,16.20742687464437
261,1576,80,392,16.210995650828668
262,1576,63,393,16.21321524468546
263,1576,72,393,16.21321524468546
264,1576,64,392,16.20742687464437
265,1576,65,392,16.20742687464437
266,1576,68,393,16.21321524468546
267,1576,74,392,16.196789766255822
268,1576,67,393,16.21321524468546
269,1576,55,392,16.20742687464437
270,1576,70,393,16.21321524468546
271,1576,66,392,16.20742687464437
272,1576,59,392,16.20742687464437
273,1576,58,392,16.20742687464437
274,1576,57,392,16.20742687464437
275,1576,72,391,16.182071902179747
276,1576,74,391,16.182071902179747
277,1576,71,392,16.196789766255822
278,1576,61,392,16.20742687464437
279,1576,61,392,16.20742687464437
280,1576,54,392,16.20742687464437
281,1576,66,393,16.21321524468546
282,1576,65,393,16.21321524468546
283,1576,65,392,16.20742687464437
284,1576,60,392,16.20742687464437
285,1576,71,392,16.20742687464437
286,1576,67,392,16.196789766255822
287,1576,64,393,16.21321524468546
288,1576,66,393,16.21321524468546
289,1576,77,393,16.21321524468546
290,1576,64,393,16.21321524468546
291,1576,60,392,16.20742687464437
292,1576,51,392,16.20742687464437
293,1576,66,392,16.20742687464437
294,1576,55,392,16.20742687464437
295,1576,54,392,16.20742687464437
296,1576,69,393,16.21321524468546
297,1576,62,392,16.20742687464437
298,1576,72,392,16.20742687464437
299,1576,77,390,16.156156092332473
300,1576,70,392,16.196789766255822
301,1576,66,393,16.21321524468546
302,1576,60,393,16.21321524468546
303,1576,60,392,16.20742687464437
304,1576,66,392,16.20742687464437
305,1576,73,390,16.156156092332473
306,1576,69,393,16.21321524468546
307,1576,65,392,16.20742687464437
308,1576,62,392,16.20742687464437
309,1576,65,393,16.21321524468546
310,1576,66,393,16.21321524468546
311,1576,66,392,16.20742687464437
312,1576,61,392,16.20742687464437
313,1576,70,393,16.21321524468546
314,1576,61,392,16.20742687464437
315,1576,78,393,16.21321524468546
316,1576,76,391,16.182071902179747
317,1576,72,393,16.21321524468546
318,1576,67,390,16.156156092332473
319,1576,47,392,16.20742687464437
320,1576,65,393,16.21321524468546
321,1576,70,393,16.21321524468546
322,1576,62,392,16.20742687464437
323,1576,60,392,16.20742687464437
324,1576,73,393,16.21321524468546
325,1576,66,393,16.21321524468546
326,1576,64,392,16.20742687464437
327,1576,78,391,16.182071902179747
328,1576,72,391,16.188885873708163
329,1576,70,391,16.182071902179747
330,1576,75,392,16.210995650828668
331,1576,55,392,16.20742687464437
332,1576,64,392,16.20742687464437
333,1576,59,392,16.20742687464437
334,1576,68,392,16.20742687464437
335,1576,72,391,16.188885873708163
336,1576,76,391,16.188885873708163
337,1576,54,392,16.20742687464437
338,1576,76,392,16.19915509217374
339,1576,69,391,16.182071902179747
340,1576,76,391,16.182071902179747
341,1576,56,392,16.20742687464437
342,1576,67,392,16.20742687464437
343,1576,82,392,16.207577242407055
344,1576,56,392,16.20742687464437
345,1576,66,393,16.21321524468546
346,1576,62,392,16.20742687464437
347,1576,60,392,16.20742687464437
348,1576,63,393,16.21321524468546
349,1576,55,392,16.20742687464437
350,1576,69,393,16.21321524468546
351,1576,71,391,16.182071902179747
352,1576,75,391,16.19808338230796
353,1576,70,392,16.19915509217374
354,1576,62,392,16.20742687464437
355,1576,53,392,16.20742687464437
356,1576,76,391,16.188885873708163
357,1576,68,393,16.21321524468546
358,1576,77,392,16.210995650828668
359,1576,70,390,16.156156092332473
360,1576,58,392,16.20742687464437
361,1576,68,392,16.20742687464437
362,1576,58,392,16.20742687464437
363,1576,58,392,16.20742687464437
364,1576,71,392,16.20742687464437
365,1576,57,392,16.20742687464437
366,1576,66,393,16.21321524468546
367,1576,53,392,16.20742687464437
368,1576,71,392,16.19915509217374
369,1576,63,393,16.21321524468546
370,1576,69,393,16.21321524468546
371,1576,69,392,16.196789766255822
372,1576,55,392,16.20742687464437
373,1576,58,392,16.20742687464437
374,1576,64,391,16.182071902179747
375,1576,57,392,16.20742687464437
376,1576,62,392,16.20742687464437
377,1576,64,392,16.20742687464437
378,1576,59,392,16.20742687464437
379,1576,55,392,16.20742687464437
380,1576,67,393,16.21321524468546
381,1576,67,392,16.20742687464437
382,1576,70,391,16.182071902179747
383,1576,68,392,16.20742687464437
384,1576,66,393,16.21321524468546
385,1576,63,392,16.20742687464437
386,1576,61,392,16.20742687464437
387,1576,73,392,16.20742687464437
388,1576,60,393,16.21321524468546
389,1576,78,390,16.156156092332473
390,1576,59,392,16.20742687464437
391,1576,85,391,16.162842348245647
392,1576,71,392,16.19915509217374
393,1576,65,392,16.20742687464437
394,1576,73,393,16.21321524468546
395,1576,62,392,16.20742687464437
396,1576,79,391,16.188885873708163
397,1576,55,392,16.20742687464437
398,1576,64,392,16.20742687464437
399,1576,60,392,16.20742687464437
400,1576,66,392,16.20742687464437
401,1576,73,391,16.159398391655873
402,1576,56,392,16.20742687464437
403,1576,63,392,16.20742687464437
404,1576,64,392,16.20742687464437
405,1576,62,392,16.20742687464437
406,1576,55,392,16.20742687464437
407,1576,61,392,16.20742687464437
408,1576,65,392,16.20742687464437
409,1576,69,393,16.21321524468546
410,1576,82,387,16.03369966020824
411,1576,68,392,16.19915509217374
412,1576,58,392,16.20742687464437
413,1576,71,391,16.182071902179747
414,1576,74,393,16.21321524468546
415,1576,64,393,16.21321524468546
416,1576,69,390,16.14141297430834
417,1576,58,392,16.20742687464437
418,1576,61,392,16.20742687464437
419,1576,72,392,16.20742687464437
420,1576,61,393,16.21321524468546
421,1576,60,392,16.20742687464437
422,1576,77,393,16.21321524468546
423,1576,64,393,16.21321524468546
424,1576,55,392,16.20742687464437
425,1576,66,393,16.21321524468546
426,1576,62,393,16.21321524468546
427,1576,67,391,16.182071902179747
428,1576,53,392,16.20742687464437
429,1576,60,392,16.20742687464437
430,1576,76,392,16.19915509217374
431,1576,73,393,16.21321524468546
432,1576,82,390,16.156156092332473
433,1576,76,391,16.186015936602143
434,1576,60,393,16.21321524468546
435,1576,65,392,16.19915509217374
436,1576,75,391,16.188885873708163
437,1576,66,392,16.20742687464437
438,1576,51,392,16.20742687464437
439,1576,64,392,16.20742687464437
440,1576,65,393,16.21321524468546
441,1576,64,392,16.20742687464437
442,1576,73,392,16.196789766255822
443,1576,53,392,16.20742687464437
444,1576,63,392,16.20742687464437
445,1576,54,392,16.20742687464437
446,1576,75,391,16.182071902179747
447,1576,67,393,16.21321524468546
448,1576,70,393,16.21321524468546
449,1576,65,393,16.21321524468546
450,1576,63,392,16.20742687464437
451,1576,60,393,16.21321524468546
452,1576,63,392,16.20742687464437
453,1576,76,391,16.188885873708163
454,1576,56,392,16.20742687464437
455,1576,76,391,16.182071902179747
456,1576,57,392,16.20742687464437
457,1576,61,392,16.20742687464437
458,1576,61,392,16.20742687464437
459,1576,67,392,16.20742687464437
460,1576,44,392,16.20742687464437
461,1576,71,392,16.20742687464437
462,1576,56,392,16.20742687464437
463,1576,63,393,16.21321524468546
464,1576,74,391,16.186015936602143
465,1576,72,392,16.19915509217374
466,1576,69,391,16.182071902179747
467,1576,65,391,16.182071902179747
468,1576,58,392,16.20742687464437
469,1576,58,392,16.20742687464437
470,1576,68,393,16.21321524468546
471,1576,61,392,16.20742687464437
472,1576,64,392,16.20742687464437
473,1576,74,391,16.182071902179747
474,1576,75,391,16.188885873708163
475,1576,69,393,16.21321524468546
476,1576,50,392,16.20742687464437
477,1576,53,392,16.20742687464437
478,1576,63,393,16.21321524468546
479,1576,64,392,16.20742687464437
480,1576,64,393,16.21321524468546
481,1576,79,392,16.210995650828668
482,1576,67,392,16.196789766255822
483,1576,63,392,16.20742687464437
484,1576,64,392,16.20742687464437
485,1576,56,392,16.20742687464437
486,1576,58,392,16.20742687464437
487,1576,65,392,16.20742687464437
488,1576,70,392,16.19915509217374
489,1576,67,392,16.20742687464437
490,1576,71,392,16.20742687464437
491,1576,64,393,16.21321524468546
492,1576,69,393,16.21321524468546
493,1576,74,393,16.21321524468546
494,1576,65,392,16.20742687464437
495,1576,71,390,16.18260050342373
496,1576,56,392,16.20742687464437
497,1576,78,390,16.156156092332473
498,1576,53,392,16.20742687464437
499,1576,69,391,16.19808338230796
500,1576,62,392,16.20742687464437
