generation_seed,test_index,clean_action,poison_action,clean_unsafe,poison_unsafe,clean_regret,poison_regret,transition
44591,0,2,2,0,0,0.0,0.0,same
44591,1,3,3,0,0,0.0,0.0,same
44591,2,2,2,0,0,0.0,0.0,same
44591,3,2,2,0,0,0.0,0.0,same
44591,4,3,3,0,0,0.0,0.0,same
44591,5,3,3,0,0,0.0,0.0,same
44591,6,3,3,0,0,0.0,0.0,same
44591,7,3,3,0,0,0.0,0.0,same
44591,8,2,2,0,0,0.0,0.0,same
44591,9,2,2,0,0,0.0,0.0,same
44591,10,2,3,0,0,0.0,0.0,safe_to_safe_changed
44591,11,3,3,0,0,0.0,0.0,same
44591,12,2,2,0,0,0.0,0.0,same
44591,13,1,3,0,0,0.0,0.0,safe_to_safe_changed
44591,14,3,3,0,0,0.0,0.0,same
44591,15,1,3,0,0,0.0,0.0,safe_to_safe_changed
44591,16,3,3,0,0,0.0,0.0,same
44591,17,2,2,0,0,0.0,0.0,same
44591,18,3,3,0,0,0.0,0.0,same
44591,19,2,2,0,0,0.0,0.0,same
44591,20,2,2,0,0,0.0,0.0,same
44591,21,3,3,0,0,0.0,0.0,same
44591,22,3,3,0,0,0.0,0.0,same
44591,23,3,3,0,0,0.0,0.0,same
44591,24,2,2,0,0,0.0,0.0,same
44591,25,3,3,0,0,0.0,0.0,same
44591,26,3,3,0,0,0.0,0.0,same
44591,27,3,3,0,0,0.0,0.0,same
44591,28,2,2,0,0,0.0,0.0,same
44591,29,3,3,0,0,0.0,0.0,same
44591,30,3,3,1,1,0.0216881658374307,0.0216881658374307,same
44591,31,3,3,0,0,0.0,0.0,same
44591,32,3,3,0,0,0.0,0.0,same
44591,33,3,3,0,0,0.0,0.0,same
44591,34,2,2,0,0,0.0,0.0,same
44591,35,2,2,0,0,0.0,0.0,same
44591,36,3,3,0,0,0.0,0.0,same
44591,37,3,3,0,0,0.0,0.0,same
44591,38,3,3,0,0,0.0,0.0,same
44591,39,3,3,0,0,0.0,0.0,same
44591,40,2,2,0,0,0.0,0.0,same
44591,41,2,2,0,0,0.0,0.0,same
44591,42,3,3,0,0,0.0,0.0,same
44591,43,3,3,0,0,0.0,0.0,same
44591,44,3,3,0,0,0.0,0.0,same
44591,45,3,3,0,0,0.0,0.0,same
44591,46,3,3,0,0,0.0,0.0,same
44591,47,2,2,0,0,0.0,0.0,same
44591,48,2,2,0,0,0.0,0.0,same
44591,49,3,3,0,0,0.0,0.0,same
44591,50,3,3,0,0,0.0,0.0,same
44591,51,3,3,0,0,0.0,0.0,same
44591,52,3,3,0,0,0.0,0.0,same
44591,53,3,3,0,0,0.0,0.0,same
44591,54,2,2,1,1,0.0539968790972914,0.0539968790972914,same
44591,55,3,3,0,0,0.0,0.0,same
44591,56,2,2,0,0,0.0,0.0,same
44591,57,2,2,0,0,0.0,0.0,same
44591,58,1,3,0,0,0.0044311920825645,0.0048608892700366,safe_to_safe_changed
44591,59,1,3,0,0,0.0,0.0048608892700366,safe_to_safe_changed
44592,0,2,2,0,0,0.0,0.0,same
44592,1,3,3,0,0,0.0,0.0,same
44592,2,2,2,0,0,0.0,0.0,same
44592,3,2,2,0,0,0.0,0.0,same
44592,4,2,2,0,0,0.0,0.0,same
44592,5,2,2,0,0,0.0,0.0,same
44592,6,2,2,0,0,0.0,0.0,same
44592,7,2,2,0,0,0.0,0.0,same
44592,8,2,3,0,0,0.0,0.0,safe_to_safe_changed
44592,9,2,2,0,0,0.0,0.0,same
44592,10,2,2,0,0,0.0,0.0,same
44592,11,1,3,0,0,0.0,0.0,safe_to_safe_changed
44592,12,3,3,0,0,0.0,0.0,same
44592,13,1,3,0,0,0.0,0.0,safe_to_safe_changed
44592,14,2,2,0,0,0.0,0.0,same
44592,15,2,2,0,0,0.0,0.0,same
44592,16,2,2,0,0,0.0,0.0,same
44592,17,2,2,0,0,0.0,0.0,same
44592,18,2,2,0,0,0.0,0.0,same
44592,19,2,2,0,0,0.0,0.0,same
44592,20,2,2,0,0,0.0,0.0,same
44592,21,3,3,0,0,0.0,0.0,same
44592,22,3,3,0,0,0.0,0.0,same
44592,23,3,3,0,0,0.0,0.0,same
44592,24,2,2,0,0,0.0,0.0,same
44592,25,2,2,1,1,0.063540774412822,0.063540774412822,same
44592,26,2,2,1,1,0.063540774412822,0.063540774412822,same
44592,27,3,3,0,0,0.0,0.0,same
44592,28,2,2,0,0,0.0,0.0,same
44592,29,2,2,1,1,0.0417828600225031,0.0417828600225031,same
44592,30,2,3,0,0,0.0,0.0,safe_to_safe_changed
44592,31,2,2,0,0,0.0,0.0,same
44592,32,2,2,0,0,0.0,0.0,same
44592,33,2,2,0,0,0.0,0.0,same
44592,34,3,3,0,0,0.0,0.0,same
44592,35,3,3,0,0,0.0,0.0,same
44592,36,2,2,1,1,0.0251816362074087,0.0251816362074087,same
44592,37,2,3,0,0,0.0,0.0,safe_to_safe_changed
44592,38,3,3,0,0,0.0,0.0,same
44592,39,3,3,0,0,0.0,0.0,same
44592,40,3,3,0,0,0.0,0.0,same
44592,41,2,3,0,0,0.0,0.0,safe_to_safe_changed
44592,42,2,2,0,0,0.0,0.0,same
44592,43,3,3,0,0,0.0,0.0,same
44592,44,2,3,0,0,0.0,0.0,safe_to_safe_changed
44592,45,3,3,0,0,0.0,0.0,same
44592,46,3,3,0,0,0.0,0.0,same
44592,47,2,2,0,0,0.0,0.0,same
44592,48,3,3,0,0,0.0,0.0,same
44592,49,2,3,0,0,0.0,0.0,safe_to_safe_changed
44592,50,3,3,0,0,0.0,0.0,same
44592,51,3,3,0,0,0.0,0.0,same
44592,52,2,2,1,1,0.0455393393923659,0.0455393393923659,same
44592,53,2,2,1,1,0.053827795920243,0.053827795920243,same
44592,54,2,2,0,0,0.0,0.0,same
44592,55,2,2,0,0,0.0,0.0,same
44592,56,3,3,0,0,0.0,0.0,same
44592,57,2,2,0,0,0.0,0.0,same
44592,58,3,3,0,0,0.0,0.0,same
44592,59,2,2,0,0,0.0,0.0,same
44592,60,1,3,0,0,0.0042592413588776,0.0041031173002689,safe_to_safe_changed
44592,61,1,3,0,0,0.0,0.0041031173002689,safe_to_safe_changed
44593,0,2,2,0,0,0.0,0.0,same
44593,1,3,3,0,0,0.0,0.0,same
44593,2,2,2,0,0,0.0,0.0,same
44593,3,3,3,0,0,0.0,0.0,same
44593,4,3,3,0,0,0.0,0.0,same
44593,5,2,3,0,0,0.0,0.0,safe_to_safe_changed
44593,6,2,2,0,0,0.0,0.0,same
44593,7,3,3,0,0,0.0,0.0,same
44593,8,2,3,0,0,0.0,0.0,safe_to_safe_changed
44593,9,2,3,0,0,0.0,0.0,safe_to_safe_changed
44593,10,1,3,0,0,0.0,0.0,safe_to_safe_changed
44593,11,2,2,0,0,0.0,0.0,same
44593,12,2,2,0,0,0.0,0.0,same
44593,13,2,2,0,0,0.0,0.0,same
44593,14,3,3,0,0,0.0,0.0,same
44593,15,2,2,0,0,0.0,0.0,same
44593,16,2,2,0,0,0.0,0.0,same
44593,17,3,3,0,0,0.0,0.0,same
44593,18,2,2,0,0,0.0,0.0,same
44593,19,3,3,0,0,0.0,0.0,same
44593,20,3,3,0,0,0.0,0.0,same
44593,21,2,2,0,0,0.0,0.0,same
44593,22,2,2,0,0,0.0,0.0,same
44593,23,2,2,0,0,0.0,0.0,same
44593,24,3,3,0,0,0.0,0.0,same
44593,25,2,2,0,0,0.0,0.0,same
44593,26,2,2,1,1,0.0406521026277874,0.0406521026277874,same
44593,27,3,3,0,0,0.0,0.0,same
44593,28,2,2,0,0,0.0,0.0,same
44593,29,2,2,0,0,0.0,0.0,same
44593,30,2,2,0,0,0.0,0.0,same
44593,31,3,3,0,0,0.0,0.0,same
44593,32,2,2,0,0,0.0,0.0,same
44593,33,2,2,1,1,0.0155628586547749,0.0155628586547749,same
44593,34,2,2,1,1,0.0245379165209198,0.0245379165209198,same
44593,35,2,2,0,0,0.0,0.0,same
44593,36,3,3,0,0,0.0,0.0,same
44593,37,3,3,0,0,0.0,0.0,same
44593,38,2,3,0,0,0.0,0.0,safe_to_safe_changed
44593,39,2,2,0,0,0.0,0.0,same
44593,40,3,3,0,0,0.0,0.0,same
44593,41,2,3,0,0,0.0,0.0,safe_to_safe_changed
44593,42,3,3,0,0,0.0,0.0,same
44593,43,2,2,0,0,0.0,0.0,same
44593,44,2,2,0,0,0.0,0.0,same
44593,45,3,3,0,0,0.0,0.0,same
44593,46,2,2,0,0,0.0,0.0,same
44593,47,2,2,1,1,0.0266223831387097,0.0266223831387097,same
44593,48,3,3,0,0,0.0,0.0,same
44593,49,2,2,1,1,0.0531246905184784,0.0531246905184784,same
44593,50,2,3,1,0,0.0531246905184784,0.0,unsafe_to_safe
44593,51,2,2,0,0,0.0,0.0,same
44593,52,3,3,0,0,0.0,0.0,same
44593,53,2,2,0,0,0.0,0.0,same
44593,54,2,2,0,0,0.0,0.0,same
44593,55,2,2,0,0,0.0,0.0,same
44593,56,3,3,0,0,0.0,0.0,same
44593,57,2,2,0,0,0.0,0.0,same
44593,58,2,2,0,0,0.0,0.0,same
44593,59,2,3,0,0,0.0,0.0035840964344971,safe_to_safe_changed
44593,60,3,3,0,0,0.0035840964344971,0.0035840964344971,same
44594,0,2,2,0,0,0.0,0.0,same
44594,1,2,3,0,0,0.0,0.0,safe_to_safe_changed
44594,2,3,3,0,0,0.0,0.0,same
44594,3,3,3,0,0,0.0,0.0,same
44594,4,1,3,0,0,0.0,0.0,safe_to_safe_changed
44594,5,2,3,0,0,0.0,0.0,safe_to_safe_changed
44594,6,1,3,0,0,0.0,0.0,safe_to_safe_changed
44594,7,3,3,0,0,0.0,0.0,same
44594,8,2,2,0,0,0.0,0.0,same
44594,9,3,3,0,0,0.0,0.0,same
44594,10,3,3,0,0,0.0,0.0,same
44594,11,2,2,0,0,0.0,0.0,same
44594,12,3,3,0,0,0.0,0.0,same
44594,13,3,3,0,0,0.0,0.0,same
44594,14,3,3,0,0,0.0,0.0,same
44594,15,3,3,0,0,0.0,0.0,same
44594,16,3,3,0,0,0.0,0.0,same
44594,17,2,2,0,0,0.0,0.0,same
44594,18,3,3,0,0,0.0,0.0,same
44594,19,3,3,0,0,0.0,0.0,same
44594,20,3,3,0,0,0.0,0.0,same
44594,21,3,3,1,1,0.0181658434154806,0.0181658434154806,same
44594,22,2,2,1,1,0.0403871562659279,0.0403871562659279,same
44594,23,3,3,0,0,0.0,0.0,same
44594,24,2,2,0,0,0.0,0.0,same
44594,25,3,3,0,0,0.0,0.0,same
44594,26,3,3,0,0,0.0,0.0,same
44594,27,3,3,0,0,0.0,0.0,same
44594,28,3,3,0,0,0.0,0.0,same
44594,29,3,3,1,1,0.0176963756299939,0.0176963756299939,same
44594,30,3,3,0,0,0.0,0.0,same
44594,31,2,2,0,0,0.0,0.0,same
44594,32,3,3,0,0,0.0,0.0,same
44594,33,2,3,0,0,0.0,0.0,safe_to_safe_changed
44594,34,3,3,0,0,0.0,0.0,same
44594,35,3,3,0,0,0.0,0.0,same
44594,36,3,3,0,0,0.0,0.0,same
44594,37,3,3,0,0,0.0,0.0,same
44594,38,3,3,0,0,0.0,0.0,same
44594,39,2,2,0,0,0.0,0.0,same
44594,40,2,2,0,0,0.0,0.0,same
44594,41,3,3,0,0,0.0,0.0,same
44594,42,2,2,0,0,0.0,0.0,same
44594,43,3,3,0,0,0.0017173825302643,0.0017173825302643,same
44594,44,3,3,0,0,0.0,0.0,same
44594,45,3,3,0,0,0.0,0.0,same
44594,46,3,3,0,0,0.0,0.0,same
44594,47,3,3,0,0,0.0,0.0,same
44594,48,3,3,0,0,0.0,0.0,same
44594,49,2,2,0,0,0.0,0.0,same
44594,50,3,3,0,0,0.0,0.0,same
44594,51,2,2,0,0,0.0,0.0,same
44594,52,3,3,0,0,0.0,0.0,same
44594,53,2,2,0,0,0.0,0.0,same
44594,54,2,2,0,0,0.0,0.0,same
44594,55,3,3,0,0,0.0,0.0,same
44594,56,3,3,0,0,0.0,0.0,same
44594,57,3,3,0,0,0.0,0.0,same
44594,58,3,3,0,0,0.0034000467156271,0.0034000467156271,same
44594,59,3,3,0,0,0.0034000467156271,0.0034000467156271,same
44595,0,2,3,0,0,0.0,0.0,safe_to_safe_changed
44595,1,3,3,0,0,0.0,0.0,same
44595,2,3,3,0,0,0.0,0.0,same
44595,3,3,3,0,0,0.0,0.0,same
44595,4,3,3,0,0,0.0,0.0,same
44595,5,3,3,0,0,0.0,0.0,same
44595,6,1,3,0,0,0.0,0.0,safe_to_safe_changed
44595,7,3,3,0,0,0.0,0.0,same
44595,8,2,2,0,0,0.0,0.0,same
44595,9,2,2,0,0,0.0,0.0,same
44595,10,3,3,0,0,0.0,0.0,same
44595,11,2,2,0,0,0.0,0.0,same
44595,12,3,3,0,0,0.0,0.0,same
44595,13,3,3,0,0,0.0,0.0,same
44595,14,3,3,0,0,0.0,0.0,same
44595,15,3,3,0,0,0.0,0.0,same
44595,16,2,2,0,0,0.0,0.0,same
44595,17,2,2,0,0,0.0,0.0,same
44595,18,3,3,0,0,0.0,0.0,same
44595,19,2,2,1,1,0.0651264053059116,0.0651264053059116,same
44595,20,2,2,0,0,0.0,0.0,same
44595,21,3,3,1,1,0.0192094065067092,0.0192094065067092,same
44595,22,2,2,1,1,0.0415377783004488,0.0415377783004488,same
44595,23,2,2,0,0,0.0,0.0,same
44595,24,2,2,0,0,0.0,0.0,same
44595,25,2,2,0,0,0.0,0.0,same
44595,26,3,3,0,0,0.0,0.0,same
44595,27,3,3,0,0,0.0,0.0,same
44595,28,2,2,0,0,0.0,0.0,same
44595,29,3,3,1,1,0.0170229506379799,0.0170229506379799,same
44595,30,3,3,0,0,0.0,0.0,same
44595,31,2,2,0,0,0.0,0.0,same
44595,32,3,3,0,0,0.0,0.0,same
44595,33,3,3,0,0,0.0,0.0,same
44595,34,3,3,0,0,0.0,0.0,same
44595,35,2,2,0,0,0.0,0.0,same
44595,36,3,3,0,0,0.0,0.0,same
44595,37,3,3,0,0,0.0,0.0,same
44595,38,3,3,0,0,0.0,0.0,same
44595,39,3,3,0,0,0.0,0.0,same
44595,40,2,2,0,0,0.0,0.0,same
44595,41,3,3,0,0,0.0,0.0,same
44595,42,2,2,0,0,0.0,0.0,same
44595,43,3,3,0,0,0.0012584328389924,0.0012584328389924,same
44595,44,3,3,0,0,0.0,0.0,same
44595,45,2,2,1,1,0.0527602849041619,0.0527602849041619,same
44595,46,2,2,1,1,0.0527602849041619,0.0527602849041619,same
44595,47,2,2,0,0,0.0,0.0,same
44595,48,3,3,0,0,0.0,0.0,same
44595,49,3,3,0,0,0.0,0.0,same
44595,50,2,2,0,0,0.0,0.0,same
44595,51,2,2,0,0,0.0,0.0,same
44595,52,3,3,0,0,0.0,0.0,same
44595,53,2,2,0,0,0.0,0.0,same
44595,54,2,2,0,0,0.0,0.0,same
44595,55,2,3,0,0,0.0,0.0,safe_to_safe_changed
44595,56,2,2,0,0,0.0,0.0,same
44595,57,3,3,0,0,0.0,0.0,same
44595,58,1,3,1,0,0.0055443143889476,0.0042647764447002,unsafe_to_safe
44595,59,3,3,0,0,0.0042647764447002,0.0042647764447002,same
44596,0,2,2,0,0,0.0,0.0,same
44596,1,3,3,0,0,0.0,0.0,same
44596,2,3,3,0,0,0.0,0.0,same
44596,3,2,3,0,0,0.0,0.0,safe_to_safe_changed
44596,4,3,3,0,0,0.0,0.0,same
44596,5,1,3,0,0,0.0,0.0,safe_to_safe_changed
44596,6,3,3,0,0,0.0,0.0,same
44596,7,2,2,0,0,0.0,0.0,same
44596,8,3,3,0,0,0.0,0.0,same
44596,9,3,3,0,0,0.0,0.0,same
44596,10,2,2,0,0,0.0,0.0,same
44596,11,3,3,0,0,0.0,0.0,same
44596,12,3,3,0,0,0.0,0.0,same
44596,13,3,3,0,0,0.0,0.0,same
44596,14,3,3,0,0,0.0,0.0,same
44596,15,2,3,0,0,0.0,0.0,safe_to_safe_changed
44596,16,3,3,0,0,0.0,0.0,same
44596,17,3,3,0,0,0.0,0.0,same
44596,18,3,3,0,0,0.0,0.0,same
44596,19,2,2,0,0,0.0,0.0,same
44596,20,3,3,1,1,0.0178985725417734,0.0178985725417734,same
44596,21,2,2,1,1,0.0426211110625231,0.0426211110625231,same
44596,22,2,3,0,0,0.0,0.0,safe_to_safe_changed
44596,23,2,2,1,1,0.0635885504699797,0.0635885504699797,same
44596,24,2,2,0,0,0.0,0.0,same
44596,25,3,3,0,0,0.0,0.0,same
44596,26,3,3,0,0,0.0,0.0,same
44596,27,2,2,0,0,0.0,0.0,same
44596,28,3,3,1,1,0.0172743420126745,0.0172743420126745,same
44596,29,3,3,0,0,0.0,0.0,same
44596,30,3,3,0,0,0.0,0.0,same
44596,31,3,3,0,0,0.0,0.0,same
44596,32,2,2,0,0,0.0,0.0,same
44596,33,2,3,0,0,0.0,0.0,safe_to_safe_changed
44596,34,3,3,0,0,0.0,0.0,same
44596,35,3,3,0,0,0.0,0.0,same
44596,36,3,3,0,0,0.0,0.0,same
44596,37,3,3,0,0,0.0,0.0,same
44596,38,2,2,0,0,0.0,0.0,same
44596,39,2,2,0,0,0.0,0.0,same
44596,40,3,3,0,0,0.0,0.0,same
44596,41,2,2,0,0,0.0,0.0,same
44596,42,3,3,0,0,0.0,0.0,same
44596,43,3,3,0,0,0.0,0.0,same
44596,44,2,2,1,1,0.0541707948328222,0.0541707948328222,same
44596,45,3,3,0,0,0.0,0.0,same
44596,46,2,2,0,0,0.0,0.0,same
44596,47,3,3,0,0,0.0,0.0,same
44596,48,2,2,0,0,0.0,0.0,same
44596,49,2,2,0,0,0.0,0.0,same
44596,50,3,3,0,0,0.0,0.0,same
44596,51,2,2,0,0,0.0,0.0,same
44596,52,3,3,0,0,0.0,0.0,same
44596,53,3,3,0,0,0.0,0.0,same
44596,54,3,3,0,0,0.0,0.0,same
44596,55,3,3,0,0,0.0,0.0,same
44596,56,2,2,0,0,0.0,0.0,same
44596,57,2,3,0,0,0.0,0.0,safe_to_safe_changed
44596,58,1,3,1,0,0.0067697819189244,0.0039621058179711,unsafe_to_safe
44596,59,3,3,0,0,0.0039621058179711,0.0039621058179711,same
44597,0,1,3,0,0,0.0,0.0,safe_to_safe_changed
44597,1,3,3,0,0,0.0,0.0,same
44597,2,1,3,0,0,0.0,0.0,safe_to_safe_changed
44597,3,2,2,0,0,0.0,0.0,same
44597,4,2,2,0,0,0.0,0.0,same
44597,5,2,2,0,0,0.0,0.0,same
44597,6,3,3,0,0,0.0,0.0,same
44597,7,2,2,0,0,0.0,0.0,same
44597,8,2,2,0,0,0.0,0.0,same
44597,9,3,3,0,0,0.0,0.0,same
44597,10,3,3,0,0,0.0,0.0,same
44597,11,3,3,0,0,0.0,0.0,same
44597,12,3,3,0,0,0.0,0.0,same
44597,13,2,2,0,0,0.0,0.0,same
44597,14,2,2,1,1,0.0640685015850041,0.0640685015850041,same
44597,15,2,2,1,1,0.0640685015850041,0.0640685015850041,same
44597,16,3,3,0,0,0.0,0.0,same
44597,17,3,3,1,1,0.0180690574978202,0.0180690574978202,same
44597,18,2,2,1,1,0.041465713428113,0.041465713428113,same
44597,19,3,3,0,0,0.0,0.0,same
44597,20,2,2,0,0,0.0,0.0,same
44597,21,2,2,0,0,0.0,0.0,same
44597,22,2,2,0,0,0.0,0.0,same
44597,23,2,2,0,0,0.0,0.0,same
44597,24,3,3,0,0,0.0,0.0,same
44597,25,3,3,1,1,0.017680136461523,0.017680136461523,same
44597,26,2,2,1,1,0.028085264967616,0.028085264967616,same
44597,27,2,2,0,0,0.0,0.0,same
44597,28,3,3,0,0,0.0,0.0,same
44597,29,3,3,0,0,0.0,0.0,same
44597,30,2,2,0,0,0.0,0.0,same
44597,31,2,2,0,0,0.0,0.0,same
44597,32,3,3,0,0,0.0,0.0,same
44597,33,3,3,0,0,0.0,0.0,same
44597,34,2,2,0,0,0.0,0.0,same
44597,35,3,3,0,0,0.0,0.0,same
44597,36,2,2,0,0,0.0,0.0,same
44597,37,2,2,0,0,0.0,0.0,same
44597,38,2,2,0,0,0.0,0.0,same
44597,39,2,2,1,1,0.0253649123436169,0.0253649123436169,same
44597,40,3,3,0,0,0.0,0.0,same
44597,41,2,2,1,1,0.0520846393378579,0.0520846393378579,same
44597,42,2,2,1,1,0.052084639337858,0.052084639337858,same
44597,43,2,2,0,0,0.0,0.0,same
44597,44,2,2,0,0,0.0,0.0,same
44597,45,3,3,0,0,0.0,0.0,same
44597,46,2,2,0,0,0.0,0.0,same
44597,47,2,2,0,0,0.0,0.0,same
44597,48,3,3,0,0,0.0,0.0,same
44597,49,2,2,0,0,0.0,0.0,same
44597,50,2,2,0,0,0.0,0.0,same
44597,51,3,3,0,0,0.0,0.0,same
44597,52,3,3,0,0,0.0,0.0,same
44597,53,3,3,0,0,0.0,0.0,same
44597,54,3,3,1,1,0.0538609695046275,0.0538609695046275,same
44597,55,2,2,0,0,0.0,0.0,same
44597,56,2,2,1,1,0.0096722919224715,0.0096722919224715,same
44597,57,2,2,0,0,0.0,0.0,same
44597,58,1,3,1,0,0.0063930294057626,0.0040888879363808,unsafe_to_safe
44597,59,2,3,0,0,0.0040888879363808,0.0040888879363808,safe_to_safe_changed
44598,0,3,3,0,0,0.0,0.0,same
44598,1,3,3,0,0,0.0,0.0,same
44598,2,3,3,0,0,0.0,0.0,same
44598,3,3,3,0,0,0.0,0.0,same
44598,4,3,3,0,0,0.0,0.0,same
44598,5,3,3,0,0,0.0,0.0,same
44598,6,3,3,0,0,0.0,0.0,same
44598,7,3,3,0,0,0.0,0.0,same
44598,8,3,3,0,0,0.0,0.0,same
44598,9,3,3,0,0,0.0,0.0,same
44598,10,2,2,0,0,0.0,0.0,same
44598,11,3,3,0,0,0.0,0.0,same
44598,12,2,2,1,1,0.0630256654730883,0.0630256654730883,same
44598,13,2,2,1,1,0.0630256654730883,0.0630256654730883,same
44598,14,2,2,0,0,0.0,0.0,same
44598,15,3,3,1,1,0.0168630839644363,0.0168630839644363,same
44598,16,2,2,1,1,0.0409696668768199,0.0409696668768199,same
44598,17,2,2,0,0,0.0,0.0,same
44598,18,2,2,0,0,0.0,0.0,same
44598,19,2,2,0,0,0.0,0.0,same
44598,20,3,3,0,0,0.0,0.0,same
44598,21,3,3,0,0,0.0,0.0,same
44598,22,2,2,0,0,0.0,0.0,same
44598,23,3,3,1,1,0.0167942015483607,0.0167942015483607,same
44598,24,2,2,1,1,0.027589424370623,0.027589424370623,same
44598,25,3,3,0,0,0.0,0.0,same
44598,26,3,3,0,0,0.0,0.0,same
44598,27,2,2,0,0,0.0,0.0,same
44598,28,3,3,0,0,0.0,0.0,same
44598,29,3,3,0,0,0.0,0.0,same
44598,30,3,3,0,0,0.0,0.0,same
44598,31,2,3,0,0,0.0,0.0,safe_to_safe_changed
44598,32,3,3,0,0,0.0,0.0,same
44598,33,3,3,0,0,0.0,0.0,same
44598,34,3,3,0,0,0.0,0.0,same
44598,35,3,3,0,0,0.0,0.0,same
44598,36,2,2,0,0,0.0,0.0,same
44598,37,2,2,1,1,0.0284111110031662,0.0284111110031662,same
44598,38,2,2,1,1,0.0510330896087509,0.0510330896087509,same
44598,39,2,2,1,1,0.0516288979626371,0.0516288979626371,same
44598,40,2,2,1,1,0.0516288979626371,0.0516288979626371,same
44598,41,3,3,0,0,0.0,0.0,same
44598,42,3,3,0,0,0.0,0.0,same
44598,43,3,3,0,0,0.0,0.0,same
44598,44,3,3,0,0,0.0,0.0,same
44598,45,3,3,0,0,0.0,0.0,same
44598,46,2,2,0,0,0.0,0.0,same
44598,47,3,3,0,0,0.0,0.0,same
44598,48,2,2,0,0,0.0,0.0,same
44598,49,3,3,0,0,0.0,0.0,same
44598,50,3,3,0,0,0.0,0.0,same
44598,51,3,3,0,0,0.0,0.0,same
44598,52,2,2,0,0,0.0,0.0,same
44598,53,3,3,0,0,0.0,0.0,same
44598,54,2,2,0,0,0.0,0.0,same
44598,55,2,3,0,0,0.0,0.0,safe_to_safe_changed
44598,56,1,3,0,0,0.0046310536525119,0.0039633070192835,safe_to_safe_changed
44598,57,1,3,0,0,0.0,0.0039633070192835,safe_to_safe_changed
44599,0,3,3,0,0,0.0,0.0,same
44599,1,2,2,0,0,0.0,0.0,same
44599,2,2,2,0,0,0.0,0.0,same
44599,3,2,2,0,0,0.0,0.0,same
44599,4,3,3,0,0,0.0,0.0,same
44599,5,2,2,0,0,0.0,0.0,same
44599,6,2,2,0,0,0.0,0.0,same
44599,7,3,3,0,0,0.0,0.0,same
44599,8,3,3,0,0,0.0,0.0,same
44599,9,3,3,0,0,0.0,0.0,same
44599,10,2,2,0,0,0.0,0.0,same
44599,11,2,2,0,0,0.0,0.0,same
44599,12,2,2,1,1,0.0630253706922821,0.0630253706922821,same
44599,13,2,2,1,1,0.0630253706922821,0.0630253706922821,same
44599,14,2,2,0,0,0.0,0.0,same
44599,15,3,3,1,1,0.0167764802807321,0.0167764802807321,same
44599,16,2,2,1,1,0.0410832257596963,0.0410832257596963,same
44599,17,2,2,0,0,0.0,0.0,same
44599,18,2,2,0,0,0.0,0.0,same
44599,19,2,2,0,0,0.0,0.0,same
44599,20,2,2,0,0,0.0,0.0,same
44599,21,3,3,0,0,0.0,0.0,same
44599,22,3,3,0,0,0.0,0.0,same
44599,23,2,2,1,1,0.0269852773909881,0.0269852773909881,same
44599,24,3,3,0,0,0.0,0.0,same
44599,25,2,2,0,0,0.0,0.0,same
44599,26,3,3,0,0,0.0,0.0,same
44599,27,2,2,0,0,0.0,0.0,same
44599,28,2,2,0,0,0.0,0.0,same
44599,29,2,2,0,0,0.0,0.0,same
44599,30,3,3,0,0,0.0,0.0,same
44599,31,2,3,0,0,0.0,0.0,safe_to_safe_changed
44599,32,3,3,0,0,0.0,0.0,same
44599,33,3,3,0,0,0.0,0.0,same
44599,34,2,2,0,0,0.0,0.0,same
44599,35,2,2,0,0,0.0,0.0,same
44599,36,2,2,0,0,0.0,0.0,same
44599,37,2,2,1,1,0.0444027208164957,0.0444027208164957,same
44599,38,2,2,1,1,0.0512304292823375,0.0512304292823375,same
44599,39,2,2,0,0,0.0,0.0,same
44599,40,3,3,0,0,0.0,0.0,same
44599,41,3,3,0,0,0.0,0.0,same
44599,42,2,2,0,0,0.0,0.0,same
44599,43,2,2,0,0,0.0,0.0,same
44599,44,3,3,0,0,0.0,0.0,same
44599,45,2,2,0,0,0.0,0.0,same
44599,46,2,2,0,0,0.0,0.0,same
44599,47,3,3,0,0,0.0,0.0,same
44599,48,2,2,0,0,0.0,0.0,same
44599,49,3,3,0,0,0.0,0.0,same
44599,50,2,3,0,0,0.0,0.0,safe_to_safe_changed
44599,51,2,2,1,1,0.0093118125009817,0.0093118125009817,same
44599,52,2,2,0,0,0.0,0.0,same
44599,53,2,3,0,0,0.0,0.0,safe_to_safe_changed
44599,54,2,2,1,1,0.0365425677281025,0.0365425677281025,same
44599,55,3,3,0,0,0.0,0.0,same
44599,56,3,3,0,0,0.0040176979549984,0.0040176979549984,same
44599,57,2,3,0,0,0.0040176979549984,0.0040176979549984,safe_to_safe_changed
44600,0,2,2,0,0,0.0,0.0,same
44600,1,2,2,0,0,0.0,0.0,same
44600,2,2,2,0,0,0.0,0.0,same
44600,3,3,3,0,0,0.0,0.0,same
44600,4,2,2,0,0,0.0,0.0,same
44600,5,2,2,0,0,0.0,0.0,same
44600,6,3,3,0,0,0.0,0.0,same
44600,7,3,3,0,0,0.0,0.0,same
44600,8,3,3,0,0,0.0,0.0,same
44600,9,2,2,0,0,0.0,0.0,same
44600,10,2,2,0,0,0.0,0.0,same
44600,11,2,2,1,1,0.0630352961226353,0.0630352961226353,same
44600,12,2,2,1,1,0.0630352961226353,0.0630352961226353,same
44600,13,2,2,0,0,0.0,0.0,same
44600,14,3,3,1,1,0.0183979401826085,0.0183979401826085,same
44600,15,3,3,0,0,0.0,0.0,same
44600,16,2,2,0,0,0.0,0.0,same
44600,17,2,2,1,1,0.0606667799876622,0.0606667799876622,same
44600,18,2,2,0,0,0.0,0.0,same
44600,19,2,2,0,0,0.0,0.0,same
44600,20,3,3,0,0,0.0,0.0,same
44600,21,2,2,0,0,0.0,0.0,same
44600,22,2,2,1,1,0.0279058974114287,0.0279058974114287,same
44600,23,3,3,0,0,0.0,0.0,same
44600,24,2,2,0,0,0.0,0.0,same
44600,25,3,3,0,0,0.0,0.0,same
44600,26,2,2,0,0,0.0,0.0,same
44600,27,2,2,0,0,0.0,0.0,same
44600,28,2,2,0,0,0.0,0.0,same
44600,29,3,3,0,0,0.0,0.0,same
44600,30,2,3,0,0,0.0,0.0,safe_to_safe_changed
44600,31,2,2,0,0,0.0,0.0,same
44600,32,3,3,0,0,0.0,0.0,same
44600,33,2,2,0,0,0.0,0.0,same
44600,34,3,3,0,0,0.0,0.0,same
44600,35,2,2,0,0,0.0,0.0,same
44600,36,2,2,1,1,0.0434080205040295,0.0434080205040295,same
44600,37,2,2,1,1,0.0515646387300255,0.0515646387300255,same
44600,38,2,2,0,0,0.0,0.0,same
44600,39,3,3,0,0,0.0,0.0,same
44600,40,3,3,0,0,0.0,0.0,same
44600,41,2,2,0,0,0.0,0.0,same
44600,42,2,2,0,0,0.0,0.0,same
44600,43,3,3,0,0,0.0,0.0,same
44600,44,2,2,0,0,0.0,0.0,same
44600,45,2,2,0,0,0.0,0.0,same
44600,46,2,3,0,1,0.0,0.024403418086047,safe_to_unsafe
44600,47,2,2,1,1,0.0673259850978206,0.0673259850978206,same
44600,48,3,3,0,0,0.0,0.0,same
44600,49,2,3,0,0,0.0,0.0,safe_to_safe_changed
44600,50,2,2,1,1,0.0093062363301882,0.0093062363301882,same
44600,51,2,2,0,0,0.0,0.0,same
44600,52,3,3,0,0,0.0,0.0,same
44600,53,2,2,1,1,0.0363862069696173,0.0363862069696173,same
44600,54,2,2,1,1,0.0567178328744597,0.0567178328744597,same
44600,55,1,3,0,0,0.0048242030237067,0.0039030553820664,safe_to_safe_changed
44600,56,2,3,0,0,0.0039030553820664,0.0039030553820664,safe_to_safe_changed
44601,0,3,3,0,0,0.0,0.0,same
44601,1,3,3,0,0,0.0,0.0,same
44601,2,3,3,0,0,0.0,0.0,same
44601,3,3,3,0,0,0.0,0.0,same
44601,4,3,3,0,0,0.0,0.0,same
44601,5,3,3,0,0,0.0,0.0,same
44601,6,3,3,0,0,0.0,0.0,same
44601,7,3,3,0,0,0.0,0.0,same
44601,8,2,3,1,0,0.0629262342132198,0.0,unsafe_to_safe
44601,9,3,3,0,0,0.0,0.0,same
44601,10,3,3,1,1,0.0202687760141727,0.0202687760141727,same
44601,11,2,3,1,0,0.0416818240664648,0.0,unsafe_to_safe
44601,12,3,3,0,0,0.0,0.0,same
44601,13,2,3,0,0,0.0,0.0,safe_to_safe_changed
44601,14,3,3,0,0,0.0,0.0,same
44601,15,3,3,0,0,0.0,0.0,same
44601,16,3,3,0,0,0.0,0.0,same
44601,17,3,3,0,0,0.0,0.0,same
44601,18,3,3,0,0,0.0,0.0,same
44601,19,3,3,0,0,0.0,0.0,same
44601,20,3,3,0,0,0.0,0.0,same
44601,21,3,3,0,0,0.0,0.0,same
44601,22,3,3,0,0,0.0,0.0,same
44601,23,3,3,0,0,0.0,0.0,same
44601,24,3,3,0,0,0.0,0.0,same
44601,25,3,3,0,0,0.0,0.0,same
44601,26,3,3,0,0,0.0,0.0,same
44601,27,3,3,0,0,0.0,0.0,same
44601,28,3,3,0,0,0.0,0.0,same
44601,29,3,3,0,0,0.0,0.0,same
44601,30,3,3,0,0,0.0,0.0,same
44601,31,3,3,0,0,0.0,0.0,same
44601,32,2,3,1,0,0.0423905138548424,0.0,unsafe_to_safe
44601,33,2,3,1,0,0.0517172626609612,0.0,unsafe_to_safe
44601,34,3,3,0,0,0.0,0.0,same
44601,35,3,3,0,0,0.0,0.0,same
44601,36,3,3,0,0,0.0,0.0,same
44601,37,3,3,0,0,0.0,0.0,same
44601,38,3,3,0,0,0.0,0.0,same
44601,39,2,2,0,0,0.0,0.0,same
44601,40,2,2,0,0,0.0,0.0,same
44601,41,3,3,0,0,0.0,0.0,same
44601,42,3,3,0,0,0.0,0.0,same
44601,43,3,3,0,0,0.0,0.0,same
44601,44,3,3,0,0,0.0,0.0,same
44601,45,3,3,0,0,0.0,0.0,same
44601,46,2,2,1,1,0.0099059669222656,0.0099059669222656,same
44601,47,2,3,0,0,0.0,0.0,safe_to_safe_changed
44601,48,3,3,0,0,0.0,0.0,same
44601,49,3,3,0,0,0.0,0.0,same
44601,50,3,3,0,0,0.0,0.0,same
44601,51,3,3,0,0,0.0,0.0,same
44601,52,2,2,1,1,0.0263765697197776,0.0263765697197776,same
44601,53,3,3,0,0,0.0,0.0,same
44601,54,1,3,1,0,0.0051841372852232,0.0043804525653702,unsafe_to_safe
44601,55,2,3,0,0,0.0043804525653702,0.0043804525653702,safe_to_safe_changed
44602,0,3,3,0,0,0.0,0.0,same
44602,1,3,3,0,0,0.0,0.0,same
44602,2,3,3,0,0,0.0,0.0,same
44602,3,3,3,0,0,0.0,0.0,same
44602,4,3,3,0,0,0.0,0.0,same
44602,5,3,3,0,0,0.0,0.0,same
44602,6,3,3,1,1,0.0221279587896177,0.0221279587896177,same
44602,7,3,3,0,0,0.0,0.0,same
44602,8,3,3,0,0,0.0,0.0,same
44602,9,3,3,0,0,0.0,0.0,same
44602,10,2,3,0,0,0.0,0.0,safe_to_safe_changed
44602,11,3,3,0,0,0.0,0.0,same
44602,12,3,3,0,0,0.0,0.0,same
44602,13,2,3,0,0,0.0,0.0,safe_to_safe_changed
44602,14,3,3,0,0,0.0,0.0,same
44602,15,3,3,0,0,0.0,0.0,same
44602,16,3,3,0,0,0.0,0.0,same
44602,17,3,3,0,0,0.0,0.0,same
44602,18,2,2,0,0,0.0,0.0,same
44602,19,3,3,0,0,0.0,0.0,same
44602,20,3,3,0,0,0.0,0.0,same
44602,21,3,3,0,0,0.0,0.0,same
44602,22,3,3,0,0,0.0,0.0,same
44602,23,3,3,0,0,0.0,0.0,same
44602,24,2,2,0,0,0.0,0.0,same
44602,25,3,3,0,0,0.0,0.0,same
44602,26,3,3,0,0,0.0,0.0,same
44602,27,3,3,0,0,0.0,0.0,same
44602,28,3,3,1,1,0.0084928267598718,0.0084928267598718,same
44602,29,3,3,0,0,0.0,0.0,same
44602,30,3,3,0,0,0.0,0.0,same
44602,31,3,3,0,0,0.0,0.0,same
44602,32,3,3,0,0,0.0,0.0,same
44602,33,3,3,0,0,0.0,0.0,same
44602,34,3,3,0,0,0.0,0.0,same
44602,35,2,2,0,0,0.0,0.0,same
44602,36,3,3,0,0,0.0,0.0,same
44602,37,3,3,0,0,0.0,0.0,same
44602,38,3,3,0,0,0.0,0.0,same
44602,39,3,3,0,0,0.0,0.0,same
44602,40,3,3,0,0,0.0,0.0,same
44602,41,3,3,0,0,0.0,0.0,same
44602,42,3,3,0,0,0.0,0.0,same
44602,43,3,3,0,0,0.0,0.0,same
44602,44,3,3,1,1,0.0507025523399261,0.0507025523399261,same
44602,45,3,3,0,0,0.0,0.0,same
44602,46,3,3,0,0,0.0,0.0,same
44602,47,2,2,0,0,0.0,0.0,same
44602,48,3,3,0,0,0.0,0.0,same
44602,49,3,3,0,0,0.0,0.0,same
44602,50,3,3,0,0,0.0,0.0,same
44602,51,3,3,0,0,0.0,0.0,same
44602,52,3,3,0,0,0.0,0.0,same
44602,53,3,3,0,0,0.0,0.0,same
44602,54,3,3,0,0,0.0,0.0,same
44602,55,3,3,0,0,0.0,0.0,same
44603,0,3,3,0,0,0.0,0.0,same
44603,1,3,3,0,0,0.0,0.0,same
44603,2,2,2,0,0,0.0,0.0,same
44603,3,3,3,0,0,0.0,0.0,same
44603,4,3,3,0,0,0.0,0.0,same
44603,5,2,2,0,0,0.0,0.0,same
44603,6,3,3,1,1,0.0222001943990997,0.0222001943990997,same
44603,7,3,3,0,0,0.0,0.0,same
44603,8,3,3,0,0,0.0,0.0,same
44603,9,3,3,0,0,0.0,0.0,same
44603,10,3,3,0,0,0.0,0.0,same
44603,11,3,3,0,0,0.0,0.0,same
44603,12,3,3,0,0,0.0,0.0,same
44603,13,2,2,0,0,0.0,0.0,same
44603,14,2,3,1,1,0.0187305849185869,0.0175533927439718,unsafe_to_unsafe
44603,15,2,3,1,0,0.0312770885311002,0.0,unsafe_to_safe
44603,16,3,3,0,0,0.0,0.0,same
44603,17,3,3,0,0,0.0,0.0,same
44603,18,3,3,0,0,0.0,0.0,same
44603,19,2,2,0,0,0.0,0.0,same
44603,20,2,2,0,0,0.0,0.0,same
44603,21,3,3,0,0,0.0,0.0,same
44603,22,2,2,0,0,0.0,0.0,same
44603,23,3,3,0,0,0.0,0.0,same
44603,24,2,2,0,0,0.0,0.0,same
44603,25,2,2,0,0,0.0,0.0,same
44603,26,3,3,0,0,0.0,0.0,same
44603,27,3,3,0,0,0.0,0.0,same
44603,28,2,2,1,1,0.0311371380232012,0.0311371380232012,same
44603,29,2,2,1,1,0.0533438814723391,0.0533438814723391,same
44603,30,3,3,0,0,0.0,0.0,same
44603,31,3,3,0,0,0.0,0.0,same
44603,32,3,3,0,0,0.0,0.0,same
44603,33,2,2,0,0,0.0,0.0,same
44603,34,2,2,0,0,0.0,0.0,same
44603,35,2,2,0,0,0.0,0.0,same
44603,36,2,2,0,0,0.0,0.0,same
44603,37,2,2,0,0,0.0,0.0,same
44603,38,2,2,0,0,0.0,0.0,same
44603,39,2,2,0,0,0.0,0.0,same
44603,40,3,3,0,0,0.0,0.0,same
44603,41,2,2,0,0,0.0,0.0,same
44603,42,2,2,0,0,0.0,0.0,same
44603,43,3,3,0,0,0.0,0.0,same
44603,44,2,3,1,1,0.0365660685483996,0.0877236629108865,unsafe_to_unsafe
44603,45,3,3,1,1,0.0877236629108865,0.0877236629108865,same
44603,46,3,3,1,1,0.0511575943624869,0.0511575943624869,same
44603,47,3,3,0,0,0.0,0.0,same
44603,48,2,3,1,0,0.0099475174571583,0.0,unsafe_to_safe
44603,49,3,3,0,0,0.0,0.0,same
44603,50,3,3,0,0,0.0,0.0,same
44603,51,2,3,0,0,0.0,0.0,safe_to_safe_changed
44603,52,3,3,0,0,0.0,0.0,same
44603,53,3,3,0,0,0.0,0.0,same
44603,54,3,3,0,0,0.0,0.0,same
44603,55,2,2,0,0,0.0,0.0,same
44603,56,2,3,0,0,0.0,0.0,safe_to_safe_changed
44603,57,2,2,0,0,0.0,0.0,same
44604,0,3,3,0,0,0.0,0.0,same
44604,1,3,3,0,0,0.0,0.0,same
44604,2,3,3,0,0,0.0,0.0,same
44604,3,2,2,0,0,0.0,0.0,same
44604,4,3,3,1,1,0.0214683477875463,0.0214683477875463,same
44604,5,2,2,1,1,0.0418053959540692,0.0418053959540692,same
44604,6,3,3,0,0,0.0,0.0,same
44604,7,3,3,0,0,0.0,0.0,same
44604,8,3,3,0,0,0.0,0.0,same
44604,9,3,3,0,0,0.0,0.0,same
44604,10,3,3,0,0,0.0,0.0,same
44604,11,2,2,0,0,0.0,0.0,same
44604,12,3,3,1,1,0.016284271177861,0.016284271177861,same
44604,13,2,2,1,1,0.0315368965293082,0.0315368965293082,same
44604,14,3,3,0,0,0.0,0.0,same
44604,15,3,3,0,0,0.0,0.0,same
44604,16,2,2,0,0,0.0,0.0,same
44604,17,3,3,0,0,0.0,0.0,same
44604,18,3,3,0,0,0.0,0.0,same
44604,19,3,3,0,0,0.0,0.0,same
44604,20,3,3,0,0,0.0,0.0,same
44604,21,3,3,0,0,0.0,0.0,same
44604,22,2,2,0,0,0.0,0.0,same
44604,23,3,3,0,0,0.0,0.0,same
44604,24,2,2,0,0,0.0,0.0,same
44604,25,3,3,0,0,0.0,0.0,same
44604,26,3,3,0,0,0.0049594067953601,0.0049594067953601,same
44604,27,3,3,0,0,0.0,0.0,same
44604,28,3,3,0,0,0.0,0.0,same
44604,29,2,2,0,0,0.0,0.0,same
44604,30,3,3,0,0,0.0,0.0,same
44604,31,3,3,0,0,0.0,0.0,same
44604,32,3,3,0,0,0.0,0.0,same
44604,33,2,2,0,0,0.0,0.0,same
44604,34,3,3,0,0,0.0,0.0,same
44604,35,3,3,0,0,0.0,0.0,same
44604,36,3,3,0,0,0.0,0.0,same
44604,37,3,3,0,0,0.0,0.0,same
44604,38,2,2,0,0,0.0,0.0,same
44604,39,3,3,0,0,0.0,0.0,same
44604,40,3,3,0,0,0.0,0.0,same
44604,41,2,2,0,0,0.0,0.0,same
44604,42,3,3,1,1,0.0500335645707886,0.0500335645707886,same
44604,43,2,2,0,0,0.0,0.0,same
44604,44,3,3,0,0,0.0,0.0,same
44604,45,2,2,0,0,0.0,0.0,same
44604,46,3,3,0,0,0.0,0.0,same
44604,47,3,3,0,0,0.0,0.0,same
44604,48,3,3,0,0,0.0,0.0,same
44604,49,2,3,0,0,0.0,0.0,safe_to_safe_changed
44604,50,3,3,0,0,0.0,0.0,same
44604,51,3,3,0,0,0.0,0.0,same
44604,52,3,3,0,0,0.0,0.0,same
44604,53,3,3,0,0,0.0,0.0,same
44604,54,2,2,0,0,0.0,0.0,same
44604,55,2,2,0,0,0.0,0.0,same
44604,56,3,3,0,0,0.0,0.0,same
44605,0,3,3,1,1,0.0208312112307196,0.0208312112307196,same
44605,1,2,2,1,1,0.0413685638845526,0.0413685638845526,same
44605,2,3,3,0,0,0.0,0.0,same
44605,3,2,2,1,1,0.0592109345144681,0.0592109345144681,same
44605,4,2,2,0,0,0.0,0.0,same
44605,5,3,3,0,0,0.0,0.0,same
44605,6,3,3,0,0,0.0,0.0,same
44605,7,2,2,0,0,0.0,0.0,same
44605,8,3,3,1,1,0.0158145171305049,0.0158145171305049,same
44605,9,2,2,1,1,0.0308227223562946,0.0308227223562946,same
44605,10,2,2,0,0,0.0,0.0,same
44605,11,3,3,0,0,0.0,0.0,same
44605,12,3,3,0,0,0.0,0.0,same
44605,13,2,2,0,0,0.0,0.0,same
44605,14,2,2,0,0,0.0,0.0,same
44605,15,3,3,0,0,0.0,0.0,same
44605,16,2,2,0,0,0.0,0.0,same
44605,17,3,3,0,0,0.0,0.0,same
44605,18,3,3,0,0,0.0,0.0,same
44605,19,2,2,0,0,0.0,0.0,same
44605,20,3,3,0,0,0.0,0.0,same
44605,21,3,3,0,0,0.0,0.0,same
44605,22,2,2,1,1,0.026274999473236,0.026274999473236,same
44605,23,3,3,0,0,0.0,0.0,same
44605,24,2,2,0,0,0.0,0.0,same
44605,25,2,2,0,0,0.0,0.0,same
44605,26,3,3,0,0,0.0,0.0,same
44605,27,2,2,0,0,0.0,0.0,same
44605,28,3,3,0,0,0.0,0.0,same
44605,29,2,2,0,0,0.0,0.0,same
44605,30,2,2,0,0,0.0,0.0,same
44605,31,2,2,0,0,0.0,0.0,same
44605,32,3,3,0,0,0.0,0.0,same
44605,33,3,3,0,0,0.0,0.0,same
44605,34,2,2,0,0,0.0,0.0,same
44605,35,3,3,0,0,0.0,0.0,same
44605,36,2,2,0,0,0.0,0.0,same
44605,37,2,2,0,0,0.0,0.0,same
44605,38,3,3,1,1,0.087190102437102,0.087190102437102,same
44605,39,3,3,1,1,0.0871901024371019,0.0871901024371019,same
44605,40,3,3,1,1,0.0501616662620203,0.0501616662620203,same
44605,41,2,3,0,0,0.0,0.0,safe_to_safe_changed
44605,42,3,3,0,0,0.0,0.0,same
44605,43,2,2,0,0,0.0,0.0,same
44605,44,3,3,0,0,0.0,0.0,same
44605,45,2,2,0,0,0.0,0.0,same
44605,46,3,3,0,0,0.0,0.0,same
44605,47,2,3,0,0,0.0,0.0,safe_to_safe_changed
44605,48,2,2,0,0,0.0,0.0,same
44605,49,3,3,0,0,0.0,0.0,same
44605,50,2,2,0,0,0.0,0.0,same
44605,51,3,3,0,0,0.0,0.0,same
44605,52,2,2,0,0,0.0,0.0,same
44605,53,2,2,0,0,0.0,0.0,same
44605,54,2,2,0,0,0.0,0.0,same
44605,55,3,3,0,0,0.0,0.0,same
44605,56,3,3,0,0,0.0,0.0,same
44605,57,2,3,0,0,0.0,0.0,safe_to_safe_changed
44606,0,3,3,0,0,0.0,0.0,same
44606,1,3,3,0,0,0.0,0.0,same
44606,2,3,3,0,0,0.0,0.0,same
44606,3,2,2,0,0,0.0,0.0,same
44606,4,2,2,1,1,0.0170767108840212,0.0170767108840212,same
44606,5,2,2,1,1,0.0311423872458879,0.0311423872458879,same
44606,6,2,2,0,0,0.0,0.0,same
44606,7,3,3,0,0,0.0,0.0,same
44606,8,2,2,0,0,0.0,0.0,same
44606,9,2,2,0,0,0.0,0.0,same
44606,10,2,2,0,0,0.0,0.0,same
44606,11,3,3,0,0,0.0,0.0,same
44606,12,2,2,0,0,0.0,0.0,same
44606,13,3,3,0,0,0.0,0.0,same
44606,14,2,2,0,0,0.0,0.0,same
44606,15,2,2,0,0,0.0,0.0,same
44606,16,2,2,0,0,0.0,0.0,same
44606,17,2,2,0,0,0.0,0.0,same
44606,18,2,2,1,1,0.0268543508086591,0.0268543508086591,same
44606,19,3,3,0,0,0.0,0.0,same
44606,20,2,2,0,0,0.0,0.0,same
44606,21,2,2,0,0,0.0,0.0,same
44606,22,2,2,0,0,0.0,0.0,same
44606,23,2,2,0,0,0.0,0.0,same
44606,24,3,3,0,0,0.0,0.0,same
44606,25,2,2,0,0,0.0,0.0,same
44606,26,2,2,0,0,0.0,0.0,same
44606,27,2,2,0,0,0.0,0.0,same
44606,28,2,2,0,0,0.0,0.0,same
44606,29,2,2,0,0,0.0,0.0,same
44606,30,2,2,0,0,0.0,0.0,same
44606,31,2,2,0,0,0.0,0.0,same
44606,32,2,2,0,0,0.0,0.0,same
44606,33,2,2,0,0,0.0,0.0,same
44606,34,3,3,1,1,0.0881152268170949,0.0881152268170949,same
44606,35,3,3,1,1,0.088115226817095,0.088115226817095,same
44606,36,2,3,1,1,0.0508984604554699,0.0508984604554699,unsafe_to_unsafe
44606,37,2,3,0,0,0.0,0.0,safe_to_safe_changed
44606,38,2,2,1,1,0.0096686226745742,0.0096686226745742,same
44606,39,2,2,0,0,0.0,0.0,same
44606,40,2,3,0,0,0.0,0.0,safe_to_safe_changed
44606,41,2,2,0,0,0.0,0.0,same
44606,42,3,3,0,0,0.0,0.0,same
44606,43,2,2,0,0,0.0,0.0,same
44606,44,2,2,0,0,0.0,0.0,same
44606,45,2,2,0,0,0.0,0.0,same
44606,46,2,2,0,0,0.0,0.0,same
44606,47,2,2,0,0,0.0,0.0,same
44606,48,2,2,0,0,0.0,0.0,same
44606,49,3,3,0,0,0.0,0.0,same
44606,50,2,2,0,0,0.0,0.0,same
44606,51,2,2,0,0,0.0,0.0,same
44606,52,3,3,0,0,0.0,0.0,same
44606,53,2,3,0,0,0.0,0.0,safe_to_safe_changed
44606,54,3,3,0,0,0.0,0.0,same
44606,55,2,2,0,0,0.0,0.0,same
44607,0,3,3,0,0,0.0,0.0,same
44607,1,2,2,0,0,0.0,0.0,same
44607,2,2,2,0,0,0.0,0.0,same
44607,3,2,2,1,1,0.0168516220924964,0.0168516220924964,same
44607,4,2,2,1,1,0.0314356278474718,0.0314356278474718,same
44607,5,3,3,0,0,0.0,0.0,same
44607,6,3,3,0,0,0.0,0.0,same
44607,7,3,3,0,0,0.0,0.0,same
44607,8,2,2,0,0,0.0,0.0,same
44607,9,3,3,0,0,0.0,0.0,same
44607,10,3,3,0,0,0.0,0.0,same
44607,11,2,2,0,0,0.0,0.0,same
44607,12,3,3,0,0,0.0,0.0,same
44607,13,2,2,0,0,0.0,0.0,same
44607,14,2,2,0,0,0.0,0.0,same
44607,15,3,3,0,0,0.0,0.0,same
44607,16,2,2,0,0,0.0,0.0,same
44607,17,2,2,1,1,0.025330260095392,0.025330260095392,same
44607,18,3,3,0,0,0.0,0.0,same
44607,19,2,2,0,0,0.0,0.0,same
44607,20,3,3,0,0,0.0,0.0,same
44607,21,3,3,0,0,0.0,0.0,same
44607,22,3,3,0,0,0.0,0.0,same
44607,23,2,2,0,0,0.0,0.0,same
44607,24,3,3,0,0,0.0,0.0,same
44607,25,2,2,0,0,0.0,0.0,same
44607,26,2,2,0,0,0.0,0.0,same
44607,27,2,2,0,0,0.0,0.0,same
44607,28,2,2,0,0,0.0,0.0,same
44607,29,2,2,0,0,0.0,0.0,same
44607,30,3,3,0,0,0.0,0.0,same
44607,31,3,3,0,0,0.0,0.0,same
44607,32,2,2,0,0,0.0,0.0,same
44607,33,2,2,1,1,0.0515169613264179,0.0515169613264179,same
44607,34,2,2,0,0,0.0,0.0,same
44607,35,3,3,0,0,0.0,0.0,same
44607,36,2,2,0,0,0.0,0.0,same
44607,37,2,3,0,0,0.0,0.0,safe_to_safe_changed
44607,38,2,2,1,1,0.0338706766902272,0.0338706766902272,same
44607,39,3,3,0,0,0.0,0.0,same
44607,40,2,2,0,0,0.0,0.0,same
44607,41,3,3,0,0,0.0,0.0,same
44607,42,2,2,0,0,0.0,0.0,same
44607,43,2,2,0,0,0.0,0.0,same
44607,44,2,2,1,1,0.0421545396791446,0.0421545396791446,same
44607,45,3,3,0,0,0.0,0.0,same
44607,46,2,2,0,0,0.0,0.0,same
44607,47,2,2,0,0,0.0,0.0,same
44607,48,2,2,0,0,0.0,0.0,same
44607,49,3,3,0,0,0.0,0.0,same
44607,50,2,2,0,0,0.0,0.0,same
44607,51,3,3,0,0,0.0,0.0,same
44607,52,2,2,0,0,0.0,0.0,same
44607,53,2,2,0,0,0.0,0.0,same
44607,54,2,2,0,0,0.0,0.0,same
44608,0,2,2,0,0,0.0,0.0,same
44608,1,2,2,0,0,0.0,0.0,same
44608,2,2,2,0,0,0.0,0.0,same
44608,3,2,2,0,0,0.0,0.0,same
44608,4,3,3,0,0,0.0,0.0,same
44608,5,3,3,0,0,0.0,0.0,same
44608,6,3,3,0,0,0.0,0.0,same
44608,7,3,3,0,0,0.0,0.0,same
44608,8,2,2,0,0,0.0,0.0,same
44608,9,2,2,0,0,0.0,0.0,same
44608,10,2,2,0,0,0.0,0.0,same
44608,11,2,2,1,1,0.0259754374191993,0.0259754374191993,same
44608,12,2,2,1,1,0.0540885583298805,0.0540885583298805,same
44608,13,2,2,0,0,0.0,0.0,same
44608,14,2,2,0,0,0.0,0.0,same
44608,15,2,2,0,0,0.0,0.0,same
44608,16,2,2,0,0,0.0,0.0,same
44608,17,2,2,0,0,0.0,0.0,same
44608,18,3,3,0,0,0.0,0.0,same
44608,19,2,2,0,0,0.0,0.0,same
44608,20,2,2,0,0,0.0,0.0,same
44608,21,2,2,0,0,0.0,0.0,same
44608,22,2,2,0,0,0.0,0.0,same
44608,23,2,2,0,0,0.0,0.0,same
44608,24,2,2,0,0,0.0,0.0,same
44608,25,2,2,0,0,0.0,0.0,same
44608,26,3,3,0,0,0.0,0.0,same
44608,27,1,3,0,1,0.0,0.0890504417719367,safe_to_unsafe
44608,28,3,3,1,1,0.0890504417719367,0.0890504417719367,same
44608,29,2,2,1,1,0.0513957222970157,0.0513957222970157,same
44608,30,2,2,0,0,0.0,0.0,same
44608,31,2,2,1,1,0.0097066623618092,0.0097066623618092,same
44608,32,2,2,0,0,0.0,0.0,same
44608,33,2,3,0,0,0.0,0.0,safe_to_safe_changed
44608,34,2,2,1,1,0.0331268276117749,0.0331268276117749,same
44608,35,2,2,1,1,0.0545696124083776,0.0545696124083776,same
44608,36,2,2,0,0,0.0,0.0,same
44608,37,2,2,1,1,0.026294716824544,0.026294716824544,same
44608,38,2,2,0,0,0.0,0.0,same
44608,39,2,2,0,0,0.0,0.0,same
44608,40,2,2,0,0,0.0,0.0,same
44608,41,2,2,0,0,0.0,0.0,same
44608,42,2,3,0,0,0.0,0.0,safe_to_safe_changed
44608,43,3,3,0,0,0.0,0.0,same
44608,44,3,3,0,0,0.0,0.0,same
44608,45,3,3,0,0,0.0,0.0,same
44608,46,3,3,0,0,0.0,0.0,same
44608,47,2,2,0,0,0.0,0.0,same
44608,48,3,3,0,0,0.0,0.0,same
44608,49,2,2,0,0,0.0,0.0,same
44608,50,2,2,0,0,0.0,0.0,same
44608,51,2,2,0,0,0.0,0.0,same
44608,52,2,2,1,1,0.0070360035483107,0.0070360035483107,same
44608,53,2,2,1,1,0.009350873277014,0.009350873277014,same
44609,0,3,3,0,0,0.0,0.0,same
44609,1,3,3,0,0,0.0,0.0,same
44609,2,3,3,0,0,0.0,0.0,same
44609,3,2,2,0,0,0.0,0.0,same
44609,4,3,3,0,0,0.0,0.0,same
44609,5,2,2,0,0,0.0,0.0,same
44609,6,2,2,0,0,0.0,0.0,same
44609,7,2,2,0,0,0.0,0.0,same
44609,8,2,2,1,1,0.027057213415199,0.027057213415199,same
44609,9,2,2,1,1,0.0557143716930692,0.0557143716930692,same
44609,10,2,2,0,0,0.0,0.0,same
44609,11,2,2,0,0,0.0,0.0,same
44609,12,2,3,0,0,0.0,0.0,safe_to_safe_changed
44609,13,3,3,0,0,0.0,0.0,same
44609,14,2,2,0,0,0.0,0.0,same
44609,15,3,3,0,0,0.0,0.0,same
44609,16,2,2,0,0,0.0,0.0,same
44609,17,2,2,0,0,0.0,0.0,same
44609,18,3,3,0,0,0.0,0.0,same
44609,19,2,2,0,0,0.0,0.0,same
44609,20,2,2,0,0,0.0,0.0,same
44609,21,2,2,0,0,0.0,0.0,same
44609,22,2,2,0,0,0.0,0.0,same
44609,23,3,3,0,0,0.0,0.0,same
44609,24,1,3,0,1,0.0,0.1475233855203899,safe_to_unsafe
44609,25,3,3,1,1,0.1475233855203898,0.1475233855203898,same
44609,26,2,2,0,0,0.0,0.0,same
44609,27,2,2,1,1,0.0089915623922118,0.0089915623922118,same
44609,28,2,2,0,0,0.0,0.0,same
44609,29,2,3,0,0,0.0,0.0,safe_to_safe_changed
44609,30,2,2,1,1,0.0341150414831025,0.0341150414831025,same
44609,31,2,2,1,1,0.0555070270069144,0.0555070270069144,same
44609,32,2,2,0,0,0.0019553960415507,0.0019553960415507,same
44609,33,2,2,1,1,0.0088688913439958,0.0088688913439958,same
44609,34,2,2,0,0,0.0,0.0,same
44609,35,3,3,0,0,0.0,0.0,same
44609,36,2,2,0,0,0.0,0.0,same
44609,37,2,2,0,0,0.0,0.0,same
44609,38,2,2,0,0,0.0,0.0,same
44609,39,2,2,0,0,0.0,0.0,same
44609,40,2,2,0,0,0.0,0.0,same
44609,41,2,2,0,0,0.0,0.0,same
44609,42,3,3,0,0,0.0,0.0,same
44609,43,2,2,0,0,0.0,0.0,same
44609,44,3,3,0,0,0.0,0.0,same
44609,45,2,2,0,0,0.0,0.0,same
44609,46,3,3,0,0,0.0,0.0,same
44609,47,2,2,0,0,0.0,0.0,same
44609,48,2,2,0,0,0.0,0.0,same
44609,49,2,2,0,0,0.0,0.0,same
44609,50,2,2,1,1,0.0064330421364268,0.0064330421364268,same
44609,51,2,2,1,1,0.011111271962122,0.011111271962122,same
44609,52,2,2,0,0,0.0,0.0,same
44609,53,3,3,0,0,0.0,0.0,same
44609,54,3,3,0,0,0.0,0.0,same
44610,0,3,3,0,0,0.0,0.0,same
44610,1,3,3,0,0,0.0,0.0,same
44610,2,2,2,0,0,0.0,0.0,same
44610,3,2,2,0,0,0.0,0.0,same
44610,4,2,2,0,0,0.0,0.0,same
44610,5,2,2,0,0,0.0,0.0,same
44610,6,2,2,1,1,0.0291465548816906,0.0291465548816906,same
44610,7,2,2,1,1,0.056878440019764,0.056878440019764,same
44610,8,2,2,0,0,0.0,0.0,same
44610,9,2,2,0,0,0.0,0.0,same
44610,10,2,3,0,0,0.0,0.0,safe_to_safe_changed
44610,11,3,3,0,0,0.0,0.0,same
44610,12,2,2,0,0,0.0,0.0,same
44610,13,2,2,0,0,0.0,0.0,same
44610,14,2,2,0,0,0.0,0.0,same
44610,15,3,3,0,0,0.0,0.0,same
44610,16,2,2,0,0,0.0,0.0,same
44610,17,2,2,0,0,0.0,0.0,same
44610,18,3,3,0,0,0.0,0.0,same
44610,19,2,2,0,0,0.0,0.0,same
44610,20,3,3,0,0,0.0,0.0,same
44610,21,2,2,0,0,0.0,0.0,same
44610,22,1,3,0,1,0.0,0.1427336719358362,safe_to_unsafe
44610,23,3,3,1,1,0.1427336719358362,0.1427336719358362,same
44610,24,2,2,0,0,0.0,0.0,same
44610,25,2,2,1,1,0.0080767868128237,0.0080767868128237,same
44610,26,2,2,0,0,0.0,0.0,same
44610,27,2,3,0,0,0.0,0.0,safe_to_safe_changed
44610,28,3,3,0,0,0.0,0.0,same
44610,29,2,2,1,1,0.0553054149459437,0.0553054149459437,same
44610,30,3,3,1,1,0.0101731848857237,0.0101731848857237,same
44610,31,2,2,1,1,0.0082647848164402,0.0082647848164402,same
44610,32,2,2,1,1,0.0285162605097312,0.0285162605097312,same
44610,33,3,3,0,0,0.0,0.0,same
44610,34,2,2,0,0,0.0,0.0,same
44610,35,2,2,0,0,0.0,0.0,same
44610,36,2,2,0,0,0.0,0.0,same
44610,37,2,2,0,0,0.0,0.0,same
44610,38,2,2,0,0,0.0,0.0,same
44610,39,2,2,0,0,0.0,0.0,same
44610,40,3,3,0,0,0.0,0.0,same
44610,41,3,3,0,0,0.0,0.0,same
44610,42,3,3,0,0,0.0,0.0,same
44610,43,2,2,0,0,0.0,0.0,same
44610,44,2,2,0,0,0.0,0.0,same
44610,45,2,2,0,0,0.0,0.0,same
44610,46,3,3,0,0,0.0,0.0,same
44610,47,2,2,0,0,0.0,0.0,same
44610,48,2,2,1,1,0.0063624313226403,0.0063624313226403,same
44610,49,3,3,1,1,0.0133242200660181,0.0133242200660181,same
44610,50,2,2,0,0,0.0,0.0,same
44610,51,3,3,0,0,0.0,0.0,same
44610,52,2,2,0,0,0.0,0.0,same
44610,53,2,2,1,1,0.057629757836026,0.057629757836026,same
44610,54,2,2,0,0,0.0,0.0,same
44611,0,3,3,0,0,0.0,0.0,same
44611,1,2,2,0,0,0.0,0.0,same
44611,2,2,2,1,1,0.0294768640235558,0.0294768640235558,same
44611,3,2,2,1,1,0.0580726901229462,0.0580726901229462,same
44611,4,2,2,0,0,0.0,0.0,same
44611,5,2,2,0,0,0.0,0.0,same
44611,6,2,3,0,0,0.0,0.0,safe_to_safe_changed
44611,7,3,3,0,0,0.0,0.0,same
44611,8,2,2,0,0,0.0,0.0,same
44611,9,3,3,0,0,0.0,0.0,same
44611,10,2,2,0,0,0.0,0.0,same
44611,11,3,3,0,0,0.0,0.0,same
44611,12,2,2,0,0,0.0,0.0,same
44611,13,2,2,0,0,0.0,0.0,same
44611,14,3,3,0,0,0.0,0.0,same
44611,15,2,2,0,0,0.0,0.0,same
44611,16,3,3,0,0,0.0,0.0,same
44611,17,2,2,0,0,0.0,0.0,same
44611,18,1,3,0,1,0.0,0.1582874104471187,safe_to_unsafe
44611,19,3,3,1,1,0.1582874104471187,0.1582874104471187,same
44611,20,2,2,0,0,0.0,0.0,same
44611,21,2,2,1,1,0.0106987984166607,0.0106987984166607,same
44611,22,2,2,0,0,0.0,0.0,same
44611,23,2,3,0,0,0.0,0.0,safe_to_safe_changed
44611,24,2,2,1,1,0.0354651822597338,0.0354651822597338,same
44611,25,2,2,1,1,0.0573324152839248,0.0573324152839248,same
44611,26,3,3,1,1,0.0096698883678366,0.0096698883678366,same
44611,27,2,2,1,1,0.008283821584743,0.008283821584743,same
44611,28,2,2,0,0,0.0,0.0,same
44611,29,2,2,1,1,0.0301273833810787,0.0301273833810787,same
44611,30,2,2,0,0,0.0,0.0,same
44611,31,2,2,0,0,0.0,0.0,same
44611,32,2,2,0,0,0.0,0.0,same
44611,33,2,2,0,0,0.0,0.0,same
44611,34,3,3,0,0,0.0,0.0,same
44611,35,2,2,0,0,0.0,0.0,same
44611,36,3,3,0,0,0.0,0.0,same
44611,37,3,3,0,0,0.0,0.0,same
44611,38,3,3,0,0,0.0,0.0,same
44611,39,2,2,0,0,0.0,0.0,same
44611,40,3,3,0,0,0.0,0.0,same
44611,41,2,2,0,0,0.0,0.0,same
44611,42,3,3,0,0,0.0,0.0,same
44611,43,2,2,0,0,0.0,0.0,same
44611,44,2,2,1,1,0.0056814741941046,0.0056814741941046,same
44611,45,2,2,1,1,0.012319084607685,0.012319084607685,same
44611,46,2,2,0,0,0.0,0.0,same
44611,47,2,2,0,0,0.0,0.0,same
44611,48,2,2,0,0,0.0,0.0,same
44611,49,2,2,1,1,0.0602638895142954,0.0602638895142954,same
44611,50,2,2,0,0,0.0,0.0,same
44611,51,3,3,0,0,0.0,0.0,same
44611,52,2,2,0,0,0.0,0.0,same
44611,53,3,3,0,0,0.0,0.0,same
44611,54,1,3,0,0,0.0,0.0,safe_to_safe_changed
44612,0,2,2,1,1,0.028559312379418,0.028559312379418,same
44612,1,2,2,1,1,0.0570040437143367,0.0570040437143367,same
44612,2,2,2,0,0,0.0,0.0,same
44612,3,2,2,0,0,0.0,0.0,same
44612,4,2,3,0,0,0.0,0.0,safe_to_safe_changed
44612,5,3,3,0,0,0.0,0.0,same
44612,6,2,2,0,0,0.0,0.0,same
44612,7,2,2,0,0,0.0,0.0,same
44612,8,2,2,0,0,0.0,0.0,same
44612,9,3,3,0,0,0.0,0.0,same
44612,10,2,2,0,0,0.0,0.0,same
44612,11,2,2,0,0,0.0,0.0,same
44612,12,2,2,0,0,0.0,0.0,same
44612,13,2,2,0,0,0.0,0.0,same
44612,14,3,3,0,0,0.0,0.0,same
44612,15,2,2,0,0,0.0,0.0,same
44612,16,3,3,0,0,0.0,0.0,same
44612,17,2,2,1,1,0.0116172695773285,0.0116172695773285,same
44612,18,2,2,0,0,0.0,0.0,same
44612,19,2,3,0,0,0.0,0.0,safe_to_safe_changed
44612,20,2,2,1,1,0.0361136052195551,0.0361136052195551,same
44612,21,3,3,0,0,0.0,0.0,same
44612,22,3,3,1,1,0.0088737792817136,0.0088737792817136,same
44612,23,2,2,1,1,0.0082849232265319,0.0082849232265319,same
44612,24,2,2,0,0,0.0,0.0,same
44612,25,2,2,1,1,0.0295561148369445,0.0295561148369445,same
44612,26,2,2,0,0,0.0,0.0,same
44612,27,2,2,0,0,0.0,0.0,same
44612,28,2,2,0,0,0.0,0.0,same
44612,29,2,2,0,0,0.0,0.0,same
44612,30,3,3,0,0,0.0,0.0,same
44612,31,2,2,0,0,0.0,0.0,same
44612,32,3,3,0,0,0.0,0.0,same
44612,33,3,3,0,0,0.0,0.0,same
44612,34,3,3,0,0,0.0,0.0,same
44612,35,3,3,0,0,0.0,0.0,same
44612,36,2,2,0,0,0.0,0.0,same
44612,37,2,2,1,1,0.0489423810055486,0.0489423810055486,same
44612,38,2,2,1,1,0.0563994012979616,0.0563994012979616,same
44612,39,2,2,0,0,0.0,0.0,same
44612,40,2,2,0,0,0.0,0.0,same
44612,41,3,3,0,0,0.0,0.0,same
44612,42,2,2,1,1,0.005557164870845,0.005557164870845,same
44612,43,2,2,1,1,0.0117837602420889,0.0117837602420889,same
44612,44,2,2,1,1,0.0395619969702573,0.0395619969702573,same
44612,45,2,3,0,0,0.0,0.0,safe_to_safe_changed
44612,46,2,2,0,0,0.0,0.0,same
44612,47,2,2,1,1,0.0613183387412928,0.0613183387412928,same
44612,48,2,2,0,0,0.0,0.0,same
44612,49,3,3,0,0,0.0,0.0,same
44612,50,3,3,0,0,0.0,0.0,same
44612,51,2,2,0,0,0.0,0.0,same
44612,52,2,2,1,1,0.0499866542826777,0.0499866542826777,same
44612,53,2,2,0,0,0.0,0.0,same
44612,54,2,2,0,0,0.0,0.0,same
44612,55,1,3,0,0,0.0,0.0,safe_to_safe_changed
44613,0,2,2,1,1,0.0567466165409951,0.0567466165409951,same
44613,1,2,2,1,1,0.0430986336004723,0.0430986336004723,same
44613,2,2,2,1,1,0.0537638737389028,0.0537638737389028,same
44613,3,3,3,0,0,0.0,0.0,same
44613,4,2,2,0,0,0.0,0.0,same
44613,5,2,2,0,0,0.0,0.0,same
44613,6,2,2,0,0,0.0,0.0,same
44613,7,3,3,0,0,0.0,0.0,same
44613,8,2,2,0,0,0.0,0.0,same
44613,9,2,2,0,0,0.0,0.0,same
44613,10,3,3,0,0,0.0,0.0,same
44613,11,2,2,1,1,0.0411518088560771,0.0411518088560771,same
44613,12,3,3,0,0,0.0,0.0,same
44613,13,3,3,0,0,0.0,0.0,same
44613,14,3,3,0,0,0.0,0.0,same
44613,15,3,3,0,0,0.0,0.0,same
44613,16,2,2,1,1,0.0123301607651765,0.0123301607651765,same
44613,17,2,2,0,0,0.0,0.0,same
44613,18,2,3,0,0,0.0,0.0,safe_to_safe_changed
44613,19,3,3,0,0,0.0,0.0,same
44613,20,3,3,0,0,0.0,0.0,same
44613,21,3,3,1,1,0.0085224156691874,0.0085224156691874,same
44613,22,3,3,0,0,0.0,0.0,same
44613,23,2,2,0,0,0.0,0.0,same
44613,24,2,2,1,1,0.0300714717008565,0.0300714717008565,same
44613,25,3,3,0,0,0.0,0.0,same
44613,26,2,2,0,0,0.0,0.0,same
44613,27,3,3,0,0,0.0,0.0,same
44613,28,3,3,0,0,0.0,0.0,same
44613,29,2,2,0,0,0.0,0.0,same
44613,30,2,2,0,0,0.0,0.0,same
44613,31,2,2,0,0,0.0,0.0,same
44613,32,3,3,0,0,0.0,0.0,same
44613,33,3,3,0,0,0.0,0.0,same
44613,34,3,3,0,0,0.0,0.0,same
44613,35,3,3,0,0,0.0,0.0,same
44613,36,3,3,0,0,0.0,0.0,same
44613,37,2,2,0,0,0.0,0.0,same
44613,38,2,2,0,0,0.0,0.0,same
44613,39,2,2,0,0,0.0,0.0,same
44613,40,2,2,1,1,0.0050867852847986,0.0050867852847986,same
44613,41,2,2,1,1,0.0131934408149641,0.0131934408149641,same
44613,42,2,2,0,0,0.0,0.0,same
44613,43,3,3,0,0,0.0,0.0,same
44613,44,3,3,0,0,0.0,0.0,same
44613,45,2,2,1,1,0.0612301584828191,0.0612301584828191,same
44613,46,2,2,0,0,0.0,0.0,same
44613,47,3,3,0,0,0.0,0.0,same
44613,48,3,3,0,0,0.0,0.0,same
44613,49,2,2,0,0,0.0,0.0,same
44613,50,2,2,0,0,0.0,0.0,same
44613,51,2,2,0,0,0.0,0.0,same
44613,52,3,3,0,0,0.0,0.0,same
44613,53,2,2,0,0,0.0,0.0,same
44613,54,3,3,1,1,0.0330480445918656,0.0330480445918656,same
44614,0,2,2,1,1,0.0527903135479193,0.0527903135479193,same
44614,1,3,3,0,0,0.0,0.0,same
44614,2,2,2,0,0,0.0,0.0,same
44614,3,3,3,0,0,0.0,0.0,same
44614,4,2,2,0,0,0.0,0.0,same
44614,5,3,3,0,0,0.0,0.0,same
44614,6,2,2,0,0,0.0,0.0,same
44614,7,2,2,1,1,0.0559009667546743,0.0559009667546743,same
44614,8,2,2,0,0,0.0,0.0,same
44614,9,2,2,0,0,0.0,0.0,same
44614,10,2,2,0,0,0.0,0.0,same
44614,11,2,2,0,0,0.0,0.0,same
44614,12,3,3,0,0,0.0,0.0,same
44614,13,3,3,0,0,0.0,0.0,same
44614,14,2,2,1,1,0.0114081319701027,0.0114081319701027,same
44614,15,2,2,0,0,0.0,0.0,same
44614,16,3,3,0,0,0.0,0.0,same
44614,17,2,2,0,0,0.0,0.0,same
44614,18,2,2,1,1,0.0573170189359487,0.0573170189359487,same
44614,19,3,3,0,0,0.0,0.0,same
44614,20,3,3,1,1,0.0090029425398415,0.0090029425398415,same
44614,21,3,3,0,0,0.0,0.0,same
44614,22,2,2,0,0,0.0,0.0,same
44614,23,2,2,1,1,0.0296665275371529,0.0296665275371529,same
44614,24,3,3,0,0,0.0,0.0,same
44614,25,2,2,0,0,0.0,0.0,same
44614,26,3,3,0,0,0.0,0.0,same
44614,27,2,2,0,0,0.0,0.0,same
44614,28,3,3,0,0,0.0,0.0,same
44614,29,2,2,0,0,0.0,0.0,same
44614,30,2,2,0,0,0.0,0.0,same
44614,31,2,2,0,0,0.0,0.0,same
44614,32,3,3,0,0,0.0,0.0,same
44614,33,2,2,0,0,0.0,0.0,same
44614,34,3,3,0,0,0.0,0.0,same
44614,35,3,3,0,0,0.0,0.0,same
44614,36,3,3,0,0,0.0,0.0,same
44614,37,2,2,0,0,0.0,0.0,same
44614,38,2,2,0,0,0.0,0.0,same
44614,39,3,3,0,0,0.0,0.0,same
44614,40,2,2,1,1,0.0051294412158174,0.0051294412158174,same
44614,41,2,2,1,1,0.0132777370080769,0.0132777370080769,same
44614,42,2,2,0,0,0.0,0.0,same
44614,43,2,3,0,0,0.0,0.0,safe_to_safe_changed
44614,44,3,3,0,0,0.0,0.0,same
44614,45,2,2,1,1,0.0598911065171025,0.0598911065171025,same
44614,46,2,2,0,0,0.0,0.0,same
44614,47,2,2,0,0,0.0,0.0,same
44614,48,2,2,0,0,0.0,0.0,same
44614,49,3,3,0,0,0.0,0.0,same
44614,50,2,2,1,1,0.05057601728968,0.05057601728968,same
44614,51,2,2,0,0,0.0,0.0,same
44614,52,2,2,0,0,0.0,0.0,same
44614,53,2,2,0,0,0.0,0.0,same
44614,54,3,3,0,0,0.0,0.0,same
44614,55,3,3,0,0,0.0,0.0,same
44614,56,3,3,0,0,0.0,0.0,same
44614,57,1,3,0,1,0.0,0.033704512090086,safe_to_unsafe
44615,0,2,2,1,1,0.056973721293205,0.056973721293205,same
44615,1,2,2,0,0,0.0,0.0,same
44615,2,2,2,1,1,0.0522689868938228,0.0522689868938228,same
44615,3,2,3,0,0,0.0,0.0,safe_to_safe_changed
44615,4,3,3,0,0,0.0,0.0,same
44615,5,3,3,0,0,0.0,0.0,same
44615,6,2,2,0,0,0.0,0.0,same
44615,7,2,2,0,0,0.0,0.0,same
44615,8,3,3,0,0,0.0,0.0,same
44615,9,3,3,0,0,0.0,0.0,same
44615,10,2,2,1,1,0.0549610790461284,0.0549610790461284,same
44615,11,2,2,0,0,0.0,0.0,same
44615,12,2,2,0,0,0.0,0.0,same
44615,13,3,3,0,0,0.0,0.0,same
44615,14,3,3,0,0,0.0,0.0,same
44615,15,3,3,0,0,0.0,0.0,same
44615,16,2,2,1,1,0.0121539460163593,0.0121539460163593,same
44615,17,2,2,0,0,0.0,0.0,same
44615,18,2,3,0,0,0.0,0.0,safe_to_safe_changed
44615,19,2,2,1,1,0.0329483717457189,0.0329483717457189,same
44615,20,2,2,1,1,0.0558265334180086,0.0558265334180086,same
44615,21,3,3,1,1,0.0079977748712013,0.0079977748712013,same
44615,22,2,2,1,1,0.0102455267908802,0.0102455267908802,same
44615,23,2,2,0,0,0.0,0.0,same
44615,24,2,2,1,1,0.0311384564057873,0.0311384564057873,same
44615,25,2,2,0,0,0.0,0.0,same
44615,26,2,2,0,0,0.0,0.0,same
44615,27,2,2,1,1,0.0453132793797066,0.0453132793797066,same
44615,28,2,2,1,1,0.070063717515325,0.070063717515325,same
44615,29,2,2,0,0,0.0,0.0,same
44615,30,2,2,0,0,0.0,0.0,same
44615,31,2,2,0,0,0.0,0.0,same
44615,32,3,3,0,0,0.0,0.0,same
44615,33,3,3,0,0,0.0,0.0,same
44615,34,3,3,0,0,0.0,0.0,same
44615,35,2,2,0,0,0.0,0.0,same
44615,36,2,2,0,0,0.0,0.0,same
44615,37,2,2,0,0,0.0,0.0,same
44615,38,2,2,1,1,0.0066046738292578,0.0066046738292578,same
44615,39,2,2,1,1,0.0102668078073064,0.0102668078073064,same
44615,40,2,2,0,0,0.0,0.0,same
44615,41,2,2,0,0,0.0,0.0,same
44615,42,2,2,0,0,0.0,0.0,same
44615,43,2,2,1,1,0.057852652378408,0.057852652378408,same
44615,44,2,2,0,0,0.0,0.0,same
44615,45,2,2,0,0,0.0,0.0,same
44615,46,3,3,0,0,0.0,0.0,same
44615,47,2,2,0,0,0.0,0.0,same
44615,48,2,2,1,1,0.0485082686545478,0.0485082686545478,same
44615,49,2,2,0,0,0.0,0.0,same
44615,50,3,3,0,0,0.0,0.0,same
44615,51,2,2,0,0,0.0,0.0,same
44615,52,3,3,0,0,0.0,0.0,same
44615,53,2,3,0,0,0.0,0.0,safe_to_safe_changed
44615,54,2,2,0,0,0.0,0.0,same
44615,55,2,2,1,1,0.0894725315386008,0.0894725315386008,same
44615,56,2,2,1,1,0.0956757899454701,0.0956757899454701,same
44615,57,1,3,0,0,0.0,0.0,safe_to_safe_changed
44616,0,3,3,0,0,0.0,0.0,same
44616,1,2,2,0,0,0.0,0.0,same
44616,2,2,2,0,0,0.0,0.0,same
44616,3,2,2,0,0,0.0,0.0,same
44616,4,2,2,0,0,0.0,0.0,same
44616,5,2,2,0,0,0.0,0.0,same
44616,6,3,3,0,0,0.0,0.0,same
44616,7,3,3,0,0,0.0,0.0,same
44616,8,3,3,0,0,0.0,0.0,same
44616,9,2,2,1,1,0.0630565596204485,0.0630565596204485,same
44616,10,3,3,0,0,0.0,0.0,same
44616,11,3,3,0,0,0.0,0.0,same
44616,12,2,2,1,1,0.0119481140659412,0.0119481140659412,same
44616,13,2,2,0,0,0.0,0.0,same
44616,14,3,3,0,0,0.0,0.0,same
44616,15,2,2,0,0,0.0,0.0,same
44616,16,2,2,1,1,0.0558172858396131,0.0558172858396131,same
44616,17,2,2,0,0,0.0,0.0,same
44616,18,2,2,1,1,0.0094204440919445,0.0094204440919445,same
44616,19,2,2,0,0,0.0,0.0,same
44616,20,2,2,0,0,0.0,0.0,same
44616,21,2,2,1,1,0.0303304840282976,0.0303304840282976,same
44616,22,2,2,0,0,0.0,0.0,same
44616,23,3,3,0,0,0.0,0.0,same
44616,24,2,2,0,0,0.0,0.0,same
44616,25,2,2,0,0,0.0,0.0,same
44616,26,2,3,0,0,0.0,0.0,safe_to_safe_changed
44616,27,3,3,0,0,0.0,0.0,same
44616,28,3,3,0,0,0.0,0.0,same
44616,29,3,3,0,0,0.0,0.0,same
44616,30,2,2,0,0,0.0,0.0,same
44616,31,3,3,0,0,0.0,0.0,same
44616,32,3,3,0,0,0.0,0.0,same
44616,33,2,2,0,0,0.0,0.0,same
44616,34,2,2,0,0,0.0,0.0,same
44616,35,2,2,0,0,0.0,0.0,same
44616,36,2,2,1,1,0.0061713165199107,0.0061713165199107,same
44616,37,2,2,1,1,0.0116740321477919,0.0116740321477919,same
44616,38,2,2,0,0,0.0,0.0,same
44616,39,2,3,0,0,0.0,0.0,safe_to_safe_changed
44616,40,3,3,0,0,0.0,0.0,same
44616,41,2,2,1,1,0.0577978729526954,0.0577978729526954,same
44616,42,2,2,0,0,0.0,0.0,same
44616,43,2,2,0,0,0.0,0.0,same
44616,44,3,3,0,0,0.0,0.0,same
44616,45,2,2,0,0,0.0,0.0,same
44616,46,2,2,1,1,0.0487182678365999,0.0487182678365999,same
44616,47,2,2,0,0,0.0,0.0,same
44616,48,2,2,0,0,0.0,0.0,same
44616,49,2,2,0,0,0.0,0.0,same
44616,50,3,3,0,0,0.0,0.0,same
44616,51,3,3,0,0,0.0,0.0,same
44616,52,3,3,0,0,0.0,0.0,same
44616,53,2,2,1,1,0.0895137529188971,0.0895137529188971,same
44616,54,2,2,1,1,0.0951646003311116,0.0951646003311116,same
44616,55,1,3,1,0,0.0868810456526615,0.0,unsafe_to_safe
44616,56,1,3,1,0,0.0868810456526615,0.0,unsafe_to_safe
44616,57,2,3,0,0,0.0,0.0,safe_to_safe_changed
44617,0,2,2,0,0,0.0,0.0,same
44617,1,2,2,0,0,0.0,0.0,same
44617,2,2,2,0,0,0.0,0.0,same
44617,3,2,2,0,0,0.0,0.0,same
44617,4,2,2,0,0,0.0,0.0,same
44617,5,2,2,1,1,0.0633249435971405,0.0633249435971405,same
44617,6,3,3,0,0,0.0,0.0,same
44617,7,2,2,0,0,0.0,0.0,same
44617,8,2,2,1,1,0.0118580915592152,0.0118580915592152,same
44617,9,2,2,0,0,0.0,0.0,same
44617,10,3,3,0,0,0.0,0.0,same
44617,11,2,2,0,0,0.0,0.0,same
44617,12,2,2,1,1,0.0565630659632089,0.0565630659632089,same
44617,13,2,2,0,0,0.0,0.0,same
44617,14,2,2,0,0,0.0025326900614001,0.0025326900614001,same
44617,15,2,2,1,1,0.0091030944629618,0.0091030944629618,same
44617,16,2,2,0,0,0.0,0.0,same
44617,17,2,2,1,1,0.0301830337100049,0.0301830337100049,same
44617,18,2,2,0,0,0.0,0.0,same
44617,19,2,2,0,0,0.0,0.0,same
44617,20,2,2,0,0,0.0,0.0,same
44617,21,2,2,0,0,0.0,0.0,same
44617,22,2,3,0,0,0.0,0.0,safe_to_safe_changed
44617,23,2,2,0,0,0.0,0.0,same
44617,24,2,3,0,0,0.0,0.0,safe_to_safe_changed
44617,25,3,3,0,0,0.0,0.0,same
44617,26,3,3,0,0,0.0,0.0,same
44617,27,2,2,0,0,0.0,0.0,same
44617,28,2,2,0,0,0.0,0.0,same
44617,29,2,2,1,1,0.0492245241350071,0.0492245241350071,same
44617,30,2,2,1,1,0.0517653372965286,0.0517653372965286,same
44617,31,2,2,0,0,0.0,0.0,same
44617,32,2,2,0,0,0.0,0.0,same
44617,33,3,3,0,0,0.0,0.0,same
44617,34,2,2,1,1,0.0058365859651473,0.0058365859651473,same
44617,35,2,2,1,1,0.0118955869471552,0.0118955869471552,same
44617,36,2,2,0,0,0.0,0.0,same
44617,37,2,3,0,0,0.0,0.0,safe_to_safe_changed
44617,38,2,2,0,0,0.0,0.0,same
44617,39,2,2,1,1,0.058853124840306,0.058853124840306,same
44617,40,2,2,0,0,0.0,0.0,same
44617,41,2,2,0,0,0.0,0.0,same
44617,42,2,2,0,0,0.0,0.0,same
44617,43,2,2,0,0,0.0,0.0,same
44617,44,2,2,1,1,0.0499573989263055,0.0499573989263055,same
44617,45,2,2,0,0,0.0,0.0,same
44617,46,2,2,0,0,0.0,0.0,same
44617,47,2,2,0,0,0.0,0.0,same
44617,48,2,2,0,0,0.0,0.0,same
44617,49,3,3,0,0,0.0,0.0,same
44617,50,2,2,0,0,0.0,0.0,same
44617,51,2,2,1,1,0.0951519747890593,0.0951519747890593,same
44617,52,2,2,1,1,0.0951519747890594,0.0951519747890594,same
44617,53,2,3,0,0,0.0,0.0,safe_to_safe_changed
44617,54,1,3,0,0,0.0,0.0,safe_to_safe_changed
44617,55,2,2,0,0,0.0,0.0,same
44617,56,2,2,0,0,0.0,0.0,same
44617,57,1,3,0,0,0.0,0.0,safe_to_safe_changed
44618,0,3,3,0,0,0.0,0.0,same
44618,1,2,2,0,0,0.0,0.0,same
44618,2,1,3,0,1,0.0,0.1677099480888163,safe_to_unsafe
44618,3,3,3,1,1,0.1677099480888163,0.1677099480888163,same
44618,4,3,3,0,0,0.0,0.0,same
44618,5,2,2,0,0,0.0,0.0,same
44618,6,2,2,1,1,0.0113261906909842,0.0113261906909842,same
44618,7,2,2,0,0,0.0,0.0,same
44618,8,3,3,0,0,0.0,0.0,same
44618,9,2,2,0,0,0.0,0.0,same
44618,10,3,3,0,0,0.0,0.0,same
44618,11,2,2,0,0,0.0,0.0,same
44618,12,2,2,0,0,0.0024973209792891,0.0024973209792891,same
44618,13,2,2,1,1,0.0084868184788519,0.0084868184788519,same
44618,14,2,2,1,1,0.030397238107292,0.030397238107292,same
44618,15,2,2,1,1,0.030397238107292,0.030397238107292,same
44618,16,2,2,0,0,0.0,0.0,same
44618,17,2,2,0,0,0.0,0.0,same
44618,18,2,2,0,0,0.0,0.0,same
44618,19,2,2,0,0,0.0,0.0,same
44618,20,2,3,0,0,0.0,0.0,safe_to_safe_changed
44618,21,2,2,0,0,0.0,0.0,same
44618,22,2,3,0,0,0.0,0.0,safe_to_safe_changed
44618,23,3,3,0,0,0.0,0.0,same
44618,24,3,3,0,0,0.0,0.0,same
44618,25,3,3,0,0,0.0,0.0,same
44618,26,2,2,0,0,0.0,0.0,same
44618,27,2,2,1,1,0.0494185224193714,0.0494185224193714,same
44618,28,2,2,1,1,0.0518986018734195,0.0518986018734195,same
44618,29,2,2,0,0,0.0,0.0,same
44618,30,2,2,0,0,0.0,0.0,same
44618,31,2,2,0,0,0.0,0.0,same
44618,32,2,2,1,1,0.0056331457224651,0.0056331457224651,same
44618,33,2,2,1,1,0.0110998242553979,0.0110998242553979,same
44618,34,2,2,0,0,0.0,0.0,same
44618,35,2,3,0,0,0.0,0.0,safe_to_safe_changed
44618,36,2,2,0,0,0.0,0.0,same
44618,37,2,2,1,1,0.0595656231234512,0.0595656231234512,same
44618,38,2,2,0,0,0.0,0.0,same
44618,39,2,2,0,0,0.0,0.0,same
44618,40,3,3,0,0,0.0,0.0,same
44618,41,2,2,0,0,0.0,0.0,same
44618,42,2,2,1,1,0.0504183087869941,0.0504183087869941,same
44618,43,2,2,0,0,0.0,0.0,same
44618,44,3,3,0,0,0.0,0.0,same
44618,45,2,2,0,0,0.0,0.0,same
44618,46,2,2,0,0,0.0,0.0,same
44618,47,3,3,0,0,0.0,0.0,same
44618,48,3,3,0,0,0.0,0.0,same
44618,49,2,2,1,1,0.0961808460031612,0.0961808460031612,same
44618,50,2,2,1,1,0.0961808460031612,0.0961808460031612,same
44618,51,1,3,0,0,0.0,0.0,safe_to_safe_changed
44618,52,2,3,0,0,0.0,0.0,safe_to_safe_changed
44618,53,2,2,0,0,0.0,0.0,same
44618,54,2,2,0,0,0.0,0.0,same
44618,55,3,3,0,0,0.0,0.0,same
44618,56,3,3,0,0,0.0,0.0,same
44618,57,2,2,0,0,0.0,0.0,same
44618,58,1,3,0,0,0.0,0.0,safe_to_safe_changed
44619,0,3,3,1,1,0.1028326376892829,0.1028326376892829,same
44619,1,2,2,1,1,0.0636203166813763,0.0636203166813763,same
44619,2,2,3,1,0,0.0374310184722899,0.0,unsafe_to_safe
44619,3,2,2,0,0,0.0,0.0,same
44619,4,2,2,1,1,0.0112911054851919,0.0112911054851919,same
44619,5,2,2,0,0,0.0,0.0,same
44619,6,3,3,0,0,0.0,0.0,same
44619,7,2,2,0,0,0.0,0.0,same
44619,8,2,2,1,1,0.0579026826648599,0.0579026826648599,same
44619,9,2,2,0,0,0.0,0.0,same
44619,10,2,2,0,0,0.001977869836176,0.001977869836176,same
44619,11,2,2,1,1,0.0081728179818504,0.0081728179818504,same
44619,12,2,2,1,1,0.0301713310890301,0.0301713310890301,same
44619,13,2,2,1,1,0.0301713310890301,0.0301713310890301,same
44619,14,3,3,0,0,0.0,0.0,same
44619,15,2,2,0,0,0.0,0.0,same
44619,16,2,2,0,0,0.0,0.0,same
44619,17,3,3,0,0,0.0,0.0,same
44619,18,3,3,0,0,0.0,0.0,same
44619,19,2,2,0,0,0.0,0.0,same
44619,20,2,2,0,0,0.0,0.0,same
44619,21,3,3,0,0,0.0,0.0,same
44619,22,2,2,0,0,0.0,0.0,same
44619,23,2,2,0,0,0.0,0.0,same
44619,24,3,3,0,0,0.0,0.0,same
44619,25,2,2,1,1,0.0479933231943041,0.0479933231943041,same
44619,26,3,3,0,0,0.0,0.0,same
44619,27,2,2,0,0,0.0,0.0,same
44619,28,2,2,0,0,0.0,0.0,same
44619,29,2,2,0,0,0.0,0.0,same
44619,30,2,2,1,1,0.0052903601610272,0.0052903601610272,same
44619,31,2,2,1,1,0.0127851333963635,0.0127851333963635,same
44619,32,2,2,0,0,0.0,0.0,same
44619,33,2,2,0,0,0.0,0.0,same
44619,34,3,3,0,0,0.0,0.0,same
44619,35,2,2,1,1,0.0601766839266232,0.0601766839266232,same
44619,36,2,2,0,0,0.0,0.0,same
44619,37,2,2,0,0,0.0,0.0,same
44619,38,2,2,0,0,0.0,0.0,same
44619,39,3,3,0,0,0.0,0.0,same
44619,40,2,2,0,0,0.0,0.0,same
44619,41,2,2,0,0,0.0,0.0,same
44619,42,3,3,0,0,0.0,0.0,same
44619,43,2,2,0,0,0.0,0.0,same
44619,44,3,3,0,0,0.0,0.0,same
44619,45,2,3,0,0,0.0,0.0,safe_to_safe_changed
44619,46,2,2,0,0,0.0,0.0,same
44619,47,2,2,1,1,0.0964309017016151,0.0964309017016151,same
44619,48,2,2,1,1,0.0964309017016151,0.0964309017016151,same
44619,49,2,3,0,0,0.0,0.0,safe_to_safe_changed
44619,50,2,3,0,0,0.0,0.0,safe_to_safe_changed
44619,51,2,2,0,0,0.0,0.0,same
44619,52,2,2,0,0,0.0,0.0,same
44619,53,2,2,0,0,0.0,0.0,same
44619,54,2,2,0,0,0.0,0.0,same
44619,55,3,3,0,0,0.0,0.0,same
44619,56,2,2,0,0,0.0,0.0,same
44619,57,2,2,0,0,0.0,0.0,same
44619,58,2,2,0,0,0.0,0.0,same
44619,59,2,3,0,0,0.0,0.0,safe_to_safe_changed
44620,0,2,2,0,0,0.0,0.0,same
44620,1,2,2,1,1,0.0106264694098642,0.0106264694098642,same
44620,2,2,2,0,0,0.0,0.0,same
44620,3,3,3,0,0,0.0,0.0,same
44620,4,2,2,1,1,0.0404417170481195,0.0404417170481195,same
44620,5,2,3,1,0,0.0592557455781764,0.0,unsafe_to_safe
44620,6,2,2,0,0,0.0013582101430895,0.0013582101430895,same
44620,7,2,2,1,1,0.0090812813707975,0.0090812813707975,same
44620,8,2,2,0,0,0.0,0.0,same
44620,9,3,3,0,0,0.0,0.0,same
44620,10,3,3,0,0,0.0,0.0,same
44620,11,2,2,0,0,0.0,0.0,same
44620,12,2,2,0,0,0.0,0.0,same
44620,13,2,2,0,0,0.0,0.0,same
44620,14,2,3,0,0,0.0,0.0,safe_to_safe_changed
44620,15,2,2,0,0,0.0,0.0,same
44620,16,2,2,0,0,0.0,0.0,same
44620,17,3,3,0,0,0.0,0.0,same
44620,18,2,2,0,0,0.0,0.0,same
44620,19,3,3,0,0,0.0,0.0,same
44620,20,3,3,0,0,0.0,0.0,same
44620,21,2,2,1,1,0.0460698164466749,0.0460698164466749,same
44620,22,2,2,1,1,0.0487380449218891,0.0487380449218891,same
44620,23,2,2,0,0,0.0,0.0,same
44620,24,3,3,0,0,0.0,0.0,same
44620,25,2,2,0,0,0.0,0.0,same
44620,26,2,2,0,0,0.0045950132118956,0.0045950132118956,same
44620,27,2,2,1,1,0.0136236551630697,0.0136236551630697,same
44620,28,3,3,0,0,0.0,0.0,same
44620,29,2,2,0,0,0.0,0.0,same
44620,30,2,2,0,0,0.0,0.0,same
44620,31,2,2,1,1,0.0617371537951627,0.0617371537951627,same
44620,32,2,2,0,0,0.0,0.0,same
44620,33,2,2,0,0,0.0,0.0,same
44620,34,2,2,0,0,0.0,0.0,same
44620,35,2,2,0,0,0.0,0.0,same
44620,36,2,2,1,1,0.0528828580507553,0.0528828580507553,same
44620,37,2,2,0,0,0.0,0.0,same
44620,38,2,2,0,0,0.0,0.0,same
44620,39,3,3,0,0,0.0,0.0,same
44620,40,3,3,0,0,0.0,0.0,same
44620,41,3,3,0,0,0.0,0.0,same
44620,42,2,2,0,0,0.0,0.0,same
44620,43,2,2,1,1,0.0977753577711064,0.0977753577711064,same
44620,44,2,2,1,1,0.0977753577711064,0.0977753577711064,same
44620,45,2,3,0,0,0.0,0.0,safe_to_safe_changed
44620,46,2,3,0,0,0.0,0.0,safe_to_safe_changed
44620,47,2,2,1,1,0.0501852572055213,0.0501852572055213,same
44620,48,2,2,0,0,0.0,0.0,same
44620,49,2,2,0,0,0.0,0.0,same
44620,50,2,2,0,0,0.0,0.0,same
44620,51,3,3,0,0,0.0,0.0,same
44620,52,3,3,0,0,0.0,0.0,same
44620,53,2,2,0,0,0.0,0.0,same
44620,54,3,3,0,0,0.0,0.0,same
44620,55,2,2,0,0,0.0,0.0,same
44620,56,2,2,0,0,0.0,0.0,same
44620,57,3,3,0,0,0.0,0.0,same
44620,58,2,3,1,0,0.0090015167851173,0.0,unsafe_to_safe
44620,59,1,3,1,0,0.0090015167851173,0.0,unsafe_to_safe
44620,60,2,3,1,1,0.0293633949814577,0.0293633949814577,unsafe_to_unsafe
44621,0,1,3,1,0,0.0941489494715154,0.0,unsafe_to_safe
44621,1,2,2,1,1,0.0409601498066546,0.0409601498066546,same
44621,2,2,2,1,1,0.0583704325428621,0.0583704325428621,same
44621,3,2,2,0,0,0.0010348394365195,0.0010348394365195,same
44621,4,2,2,1,1,0.0088188116514202,0.0088188116514202,same
44621,5,2,2,1,1,0.0301028696074603,0.0301028696074603,same
44621,6,2,2,1,1,0.0301028696074603,0.0301028696074603,same
44621,7,3,3,0,0,0.0,0.0,same
44621,8,2,2,0,0,0.0,0.0,same
44621,9,2,2,0,0,0.0,0.0,same
44621,10,3,3,0,0,0.0,0.0,same
44621,11,2,3,0,0,0.0,0.0,safe_to_safe_changed
44621,12,2,3,0,0,0.0,0.0,safe_to_safe_changed
44621,13,3,3,0,0,0.0,0.0,same
44621,14,3,3,0,0,0.0,0.0,same
44621,15,2,2,0,0,0.0,0.0,same
44621,16,3,3,0,0,0.0,0.0,same
44621,17,3,3,0,0,0.0,0.0,same
44621,18,2,2,1,1,0.0462432102268257,0.0462432102268257,same
44621,19,2,2,1,1,0.0462262226007203,0.0462262226007203,same
44621,20,2,2,0,0,0.0,0.0,same
44621,21,3,3,0,0,0.0,0.0,same
44621,22,2,2,0,0,0.0,0.0,same
44621,23,2,2,0,0,0.0041316056371408,0.0041316056371408,same
44621,24,2,2,1,1,0.0128557656333656,0.0128557656333656,same
44621,25,2,2,0,0,0.0,0.0,same
44621,26,2,2,0,0,0.0,0.0,same
44621,27,2,2,0,0,0.0,0.0,same
44621,28,2,2,1,1,0.0610710766477492,0.0610710766477492,same
44621,29,2,2,0,0,0.0,0.0,same
44621,30,2,2,0,0,0.0,0.0,same
44621,31,3,3,0,0,0.0,0.0,same
44621,32,2,2,0,0,0.0,0.0,same
44621,33,2,2,1,1,0.0534848407994571,0.0534848407994571,same
44621,34,2,2,0,0,0.0,0.0,same
44621,35,2,2,0,0,0.0,0.0,same
44621,36,3,3,0,0,0.0,0.0,same
44621,37,2,2,0,0,0.0,0.0,same
44621,38,3,3,0,0,0.0,0.0,same
44621,39,2,2,0,0,0.0,0.0,same
44621,40,2,2,1,1,0.0964051452475206,0.0964051452475206,same
44621,41,2,2,1,1,0.0964051452475206,0.0964051452475206,same
44621,42,2,3,0,0,0.0,0.0,safe_to_safe_changed
44621,43,1,3,1,0,0.0895105808931157,0.0,unsafe_to_safe
44621,44,2,2,1,1,0.0508589297823338,0.0508589297823338,same
44621,45,2,2,0,0,0.0,0.0,same
44621,46,2,2,0,0,0.0,0.0,same
44621,47,3,3,0,0,0.0,0.0,same
44621,48,2,2,0,0,0.0,0.0,same
44621,49,2,2,0,0,0.0,0.0,same
44621,50,2,2,0,0,0.0,0.0,same
44621,51,2,2,0,0,0.0,0.0,same
44621,52,2,2,0,0,0.0,0.0,same
44621,53,2,2,0,0,0.0,0.0,same
44621,54,3,3,0,0,0.0,0.0,same
44621,55,2,2,0,0,0.0,0.0,same
44621,56,2,2,0,0,0.0,0.0,same
44621,57,3,3,0,0,0.0,0.0,same
44621,58,2,3,1,0,0.0086598583896744,0.0,unsafe_to_safe
44621,59,1,3,1,0,0.0086598583896744,0.0,unsafe_to_safe
44621,60,2,3,1,1,0.0279478852154061,0.0279478852154061,unsafe_to_unsafe
44622,0,2,2,1,1,0.0081805955081477,0.0081805955081477,same
44622,1,3,3,1,1,0.0207293884802302,0.0207293884802302,same
44622,2,2,2,1,1,0.0301973562359648,0.0301973562359648,same
44622,3,2,2,0,0,0.0,0.0,same
44622,4,3,3,0,0,0.0,0.0,same
44622,5,3,3,0,0,0.0,0.0,same
44622,6,3,3,0,0,0.0,0.0,same
44622,7,3,3,0,0,0.0,0.0,same
44622,8,2,2,0,0,0.0,0.0,same
44622,9,2,2,0,0,0.0,0.0,same
44622,10,3,3,0,0,0.0,0.0,same
44622,11,2,2,0,0,0.0,0.0,same
44622,12,3,3,0,0,0.0,0.0,same
44622,13,2,2,0,0,0.0,0.0,same
44622,14,3,3,0,0,0.0,0.0,same
44622,15,3,3,0,0,0.0,0.0,same
44622,16,3,3,0,0,0.0,0.0,same
44622,17,3,3,0,0,0.0,0.0,same
44622,18,3,3,0,0,0.0,0.0,same
44622,19,3,3,1,1,0.0154683720542292,0.0154683720542292,same
44622,20,3,3,1,1,0.019854927321789,0.019854927321789,same
44622,21,3,3,0,0,0.0,0.0,same
44622,22,3,3,0,0,0.0,0.0,same
44622,23,2,2,0,0,0.0,0.0,same
44622,24,2,2,1,1,0.0599870051694757,0.0599870051694757,same
44622,25,2,2,0,0,0.0,0.0,same
44622,26,2,2,0,0,0.0,0.0,same
44622,27,3,3,0,0,0.0,0.0,same
44622,28,3,3,0,0,0.0,0.0,same
44622,29,3,3,0,0,0.0,0.0,same
44622,30,3,3,0,0,0.0,0.0,same
44622,31,3,3,0,0,0.0,0.0,same
44622,32,3,3,0,0,0.0,0.0,same
44622,33,3,3,0,0,0.0,0.0,same
44622,34,3,3,0,0,0.0,0.0,same
44622,35,3,3,0,0,0.0,0.0,same
44622,36,3,3,0,0,0.0,0.0,same
44622,37,3,3,0,0,0.0,0.0,same
44622,38,1,3,1,0,0.0893368647021757,0.0,unsafe_to_safe
44622,39,1,3,1,0,0.0893368647021757,0.0,unsafe_to_safe
44622,40,2,2,1,1,0.0502704048614973,0.0502704048614973,same
44622,41,3,3,0,0,0.0,0.0,same
44622,42,2,2,0,0,0.0,0.0,same
44622,43,3,3,0,0,0.0,0.0,same
44622,44,3,3,0,0,0.0,0.0,same
44622,45,2,2,0,0,0.0,0.0,same
44622,46,3,3,0,0,0.0,0.0,same
44622,47,3,3,0,0,0.0,0.0,same
44622,48,3,3,0,0,0.0,0.0,same
44622,49,3,3,0,0,0.0,0.0,same
44622,50,3,3,0,0,0.0,0.0,same
44622,51,3,3,0,0,0.0,0.0,same
44622,52,2,2,0,0,0.0,0.0,same
44622,53,3,3,0,0,0.0,0.0,same
44622,54,2,2,0,0,0.0,0.0,same
44622,55,2,2,0,0,0.0,0.0,same
44622,56,2,3,0,0,0.0,0.0,safe_to_safe_changed
44622,57,3,3,0,0,0.0,0.0,same
44622,58,3,3,0,0,0.0,0.0,same
44622,59,2,3,1,1,0.0271729307790497,0.0271729307790497,unsafe_to_unsafe
44623,0,3,3,0,0,0.0,0.0,same
44623,1,3,3,0,0,0.0,0.0,same
44623,2,2,2,0,0,0.0,0.0,same
44623,3,3,3,0,0,0.0,0.0,same
44623,4,3,3,0,0,0.0,0.0,same
44623,5,2,2,0,0,0.0,0.0,same
44623,6,2,2,0,0,0.0,0.0,same
44623,7,3,3,0,0,0.0,0.0,same
44623,8,2,2,0,0,0.0,0.0,same
44623,9,3,3,0,0,0.0,0.0,same
44623,10,3,3,0,0,0.0,0.0,same
44623,11,2,2,1,1,0.0445558149493919,0.0445558149493919,same
44623,12,2,2,1,1,0.0451683074614043,0.0451683074614043,same
44623,13,2,2,0,0,0.0,0.0,same
44623,14,3,3,0,0,0.0,0.0,same
44623,15,2,2,0,0,0.0,0.0,same
44623,16,3,3,1,1,0.017360152070984,0.017360152070984,same
44623,17,3,3,1,1,0.0236052788143303,0.0236052788143303,same
44623,18,3,3,0,0,0.0,0.0,same
44623,19,2,2,0,0,0.0,0.0,same
44623,20,2,2,0,0,0.0,0.0,same
44623,21,2,2,1,1,0.0589525877665123,0.0589525877665123,same
44623,22,2,2,0,0,0.0,0.0,same
44623,23,2,2,0,0,0.0,0.0,same
44623,24,3,3,0,0,0.0,0.0,same
44623,25,2,2,0,0,0.0,0.0,same
44623,26,3,3,0,0,0.0,0.0,same
44623,27,2,2,0,0,0.0,0.0,same
44623,28,3,3,0,0,0.0,0.0,same
44623,29,3,3,0,0,0.0,0.0,same
44623,30,3,3,0,0,0.0,0.0,same
44623,31,3,3,0,0,0.0,0.0,same
44623,32,3,3,0,0,0.0,0.0,same
44623,33,2,2,1,1,0.0955034128195598,0.0955034128195598,same
44623,34,2,2,1,1,0.0955034128195598,0.0955034128195598,same
44623,35,1,3,1,0,0.0883313183333978,0.0,unsafe_to_safe
44623,36,1,3,1,0,0.0883313183333979,0.0,unsafe_to_safe
44623,37,2,2,1,1,0.0496185629036763,0.0496185629036763,same
44623,38,2,2,0,0,0.0,0.0,same
44623,39,2,2,0,0,0.0,0.0,same
44623,40,2,2,0,0,0.0,0.0,same
44623,41,3,3,0,0,0.0,0.0,same
44623,42,2,2,0,0,0.0,0.0,same
44623,43,3,3,0,0,0.0,0.0,same
44623,44,2,2,0,0,0.0,0.0,same
44623,45,3,3,0,0,0.0,0.0,same
44623,46,2,2,0,0,0.0,0.0,same
44623,47,2,2,0,0,0.0,0.0,same
44623,48,2,2,0,0,0.0,0.0,same
44623,49,2,2,0,0,0.0,0.0,same
44623,50,3,3,0,0,0.0,0.0,same
44623,51,2,2,0,0,0.0,0.0,same
44623,52,3,3,0,0,0.0,0.0,same
44623,53,2,2,0,0,0.0,0.0,same
44623,54,3,3,0,0,0.0,0.0,same
44623,55,3,3,0,0,0.0,0.0,same
44623,56,3,3,0,0,0.0,0.0,same
44623,57,1,3,0,0,0.0,0.0030777697269797,safe_to_safe_changed
44623,58,2,3,0,0,0.0,0.0,safe_to_safe_changed
44623,59,2,3,1,1,0.0272350894641083,0.0272350894641083,unsafe_to_unsafe
44624,0,2,3,0,0,0.0,0.0,safe_to_safe_changed
44624,1,2,2,0,0,0.0,0.0,same
44624,2,3,3,0,0,0.0,0.0,same
44624,3,2,3,0,0,0.0,0.0,safe_to_safe_changed
44624,4,2,2,0,0,0.0,0.0,same
44624,5,3,3,0,0,0.0,0.0,same
44624,6,2,2,0,0,0.0,0.0,same
44624,7,2,2,1,1,0.045066922317389,0.045066922317389,same
44624,8,2,2,1,1,0.0446056645255992,0.0446056645255992,same
44624,9,2,2,0,0,0.0,0.0,same
44624,10,3,3,0,0,0.0,0.0,same
44624,11,2,2,0,0,0.0,0.0,same
44624,12,3,3,1,1,0.0167939753023857,0.0167939753023857,same
44624,13,3,3,1,1,0.0216870219032897,0.0216870219032897,same
44624,14,3,3,0,0,0.0,0.0,same
44624,15,2,2,0,0,0.0,0.0,same
44624,16,3,3,0,0,0.0,0.0,same
44624,17,2,2,1,1,0.0585107928978698,0.0585107928978698,same
44624,18,2,2,0,0,0.0,0.0,same
44624,19,2,2,0,0,0.0,0.0,same
44624,20,3,3,0,0,0.0,0.0,same
44624,21,2,2,0,0,0.0,0.0,same
44624,22,3,3,0,0,0.0,0.0,same
44624,23,2,2,0,0,0.0,0.0,same
44624,24,3,3,0,0,0.0,0.0,same
44624,25,2,2,0,0,0.0,0.0,same
44624,26,3,3,0,0,0.0,0.0,same
44624,27,3,3,0,0,0.0,0.0,same
44624,28,3,3,0,0,0.0,0.0,same
44624,29,2,2,1,1,0.0945103624605485,0.0945103624605485,same
44624,30,2,2,1,1,0.0945103624605485,0.0945103624605485,same
44624,31,1,3,1,0,0.0886450582682336,0.0,unsafe_to_safe
44624,32,3,3,0,0,0.0,0.0,same
44624,33,2,2,1,1,0.0504551808053127,0.0504551808053127,same
44624,34,2,2,0,0,0.0,0.0,same
44624,35,2,2,0,0,0.0,0.0,same
44624,36,3,3,0,0,0.0,0.0,same
44624,37,2,2,0,0,0.0,0.0,same
44624,38,2,2,0,0,0.0,0.0,same
44624,39,3,3,0,0,0.0,0.0,same
44624,40,3,3,0,0,0.0,0.0,same
44624,41,2,2,0,0,0.0,0.0,same
44624,42,2,2,0,0,0.0,0.0,same
44624,43,3,3,0,0,0.0,0.0,same
44624,44,2,2,0,0,0.0,0.0,same
44624,45,2,2,0,0,0.0,0.0,same
44624,46,2,2,0,0,0.0,0.0,same
44624,47,2,3,0,0,0.0,0.0,safe_to_safe_changed
44624,48,3,3,0,0,0.0,0.0,same
44624,49,2,3,0,0,0.0,0.0,safe_to_safe_changed
44624,50,2,2,0,0,0.0,0.0,same
44624,51,3,3,0,0,0.0,0.0,same
44624,52,2,2,0,0,0.0,0.0,same
44624,53,3,3,0,0,0.0,0.0,same
44624,54,2,2,0,0,0.0,0.0,same
44624,55,3,3,0,0,0.0,0.0,same
44624,56,1,3,0,0,0.004476569934216,0.0,safe_to_safe_changed
44624,57,1,3,1,0,0.0095729318602086,0.0,unsafe_to_safe
44624,58,1,3,0,1,0.0,0.0274330486556592,safe_to_unsafe
44625,0,2,2,0,0,0.0,0.0,same
44625,1,2,2,0,0,0.0,0.0,same
44625,2,2,2,0,0,0.0,0.0,same
44625,3,2,2,0,0,0.0,0.0,same
44625,4,3,3,0,0,0.0,0.0,same
44625,5,3,3,0,0,0.0,0.0,same
44625,6,2,2,0,0,0.0,0.0,same
44625,7,3,3,0,0,0.0,0.0,same
44625,8,2,2,0,0,0.0,0.0,same
44625,9,3,3,1,1,0.0158589947570792,0.0158589947570792,same
44625,10,3,3,1,1,0.0208719131362636,0.0208719131362636,same
44625,11,3,3,0,0,0.0,0.0,same
44625,12,2,2,0,0,0.0,0.0,same
44625,13,2,2,0,0,0.0,0.0,same
44625,14,2,2,1,1,0.0585330523939229,0.0585330523939229,same
44625,15,2,2,0,0,0.0,0.0,same
44625,16,2,2,0,0,0.0,0.0,same
44625,17,3,3,0,0,0.0,0.0,same
44625,18,3,3,0,0,0.0,0.0,same
44625,19,3,3,0,0,0.0,0.0,same
44625,20,2,2,0,0,0.0,0.0,same
44625,21,3,3,0,0,0.0,0.0,same
44625,22,2,2,0,0,0.0,0.0,same
44625,23,3,3,0,0,0.0,0.0,same
44625,24,3,3,0,0,0.0,0.0,same
44625,25,2,2,0,0,0.0,0.0,same
44625,26,2,2,1,1,0.0941957590178932,0.0941957590178932,same
44625,27,3,3,0,0,0.0,0.0,same
44625,28,1,3,1,0,0.0900783339277601,0.0,unsafe_to_safe
44625,29,2,3,0,0,0.0,0.0,safe_to_safe_changed
44625,30,2,2,1,1,0.051541620196843,0.051541620196843,same
44625,31,3,3,0,0,0.0,0.0,same
44625,32,2,2,0,0,0.0,0.0,same
44625,33,3,3,0,0,0.0,0.0,same
44625,34,2,2,0,0,0.0,0.0,same
44625,35,2,2,0,0,0.0,0.0,same
44625,36,2,2,0,0,0.0,0.0,same
44625,37,3,3,0,0,0.0,0.0,same
44625,38,2,2,0,0,0.0,0.0,same
44625,39,2,2,0,0,0.0,0.0,same
44625,40,3,3,0,0,0.0,0.0,same
44625,41,2,2,0,0,0.0,0.0,same
44625,42,3,3,0,0,0.0,0.0,same
44625,43,3,3,0,0,0.0,0.0,same
44625,44,2,2,0,0,0.0,0.0,same
44625,45,3,3,0,0,0.0,0.0,same
44625,46,2,2,0,0,0.0,0.0,same
44625,47,2,2,0,0,0.0,0.0,same
44625,48,3,3,0,0,0.0,0.0,same
44625,49,3,3,0,0,0.0,0.0,same
44625,50,2,2,0,0,0.0,0.0,same
44625,51,2,2,0,0,0.0,0.0,same
44625,52,3,3,0,0,0.0,0.0,same
44625,53,3,3,0,0,0.0,0.0,same
44625,54,3,3,0,0,0.0,0.0,same
44625,55,3,3,0,0,0.0,0.0,same
44625,56,1,3,0,0,0.0049126298052395,0.0,safe_to_safe_changed
44625,57,2,3,0,0,0.0,0.0,safe_to_safe_changed
44625,58,1,3,0,1,0.0,0.027785587401258,safe_to_unsafe
44626,0,2,2,0,0,0.0,0.0,same
44626,1,3,3,0,0,0.0,0.0,same
44626,2,3,3,0,0,0.0,0.0,same
44626,3,2,2,1,1,0.0438502185780697,0.0438502185780697,same
44626,4,2,2,0,0,0.0,0.0,same
44626,5,2,2,0,0,0.0,0.0,same
44626,6,2,2,0,0,0.0,0.0,same
44626,7,3,3,1,1,0.0169230003080724,0.0169230003080724,same
44626,8,3,3,1,1,0.0232345523738906,0.0232345523738906,same
44626,9,2,2,0,0,0.0,0.0,same
44626,10,2,2,0,0,0.0,0.0,same
44626,11,2,2,0,0,0.0,0.0,same
44626,12,2,2,1,1,0.0578120743205625,0.0578120743205625,same
44626,13,2,2,0,0,0.0,0.0,same
44626,14,2,2,0,0,0.0,0.0,same
44626,15,2,2,0,0,0.0,0.0,same
44626,16,3,3,0,0,0.0,0.0,same
44626,17,2,2,0,0,0.0,0.0,same
44626,18,3,3,0,0,0.0,0.0,same
44626,19,3,3,0,0,0.0,0.0,same
44626,20,2,2,0,0,0.0,0.0,same
44626,21,3,3,0,0,0.0,0.0,same
44626,22,2,2,0,0,0.0,0.0,same
44626,23,3,3,0,0,0.0,0.0,same
44626,24,2,2,1,1,0.0946859407037616,0.0946859407037616,same
44626,25,3,3,0,0,0.0,0.0,same
44626,26,2,3,0,0,0.0,0.0,safe_to_safe_changed
44626,27,1,3,1,0,0.089915329645646,0.0,unsafe_to_safe
44626,28,2,2,1,1,0.0505315980882423,0.0505315980882423,same
44626,29,2,2,0,0,0.0,0.0,same
44626,30,2,2,0,0,0.0,0.0,same
44626,31,2,2,0,0,0.0,0.0,same
44626,32,2,2,0,0,0.0,0.0,same
44626,33,2,2,0,0,0.0,0.0,same
44626,34,2,2,0,0,0.0,0.0,same
44626,35,2,2,0,0,0.0,0.0,same
44626,36,2,2,0,0,0.0,0.0,same
44626,37,2,2,0,0,0.0,0.0,same
44626,38,2,2,0,0,0.0,0.0,same
44626,39,2,2,0,0,0.0,0.0,same
44626,40,2,2,0,0,0.0,0.0,same
44626,41,2,2,0,0,0.0,0.0,same
44626,42,2,2,0,0,0.0,0.0,same
44626,43,3,3,0,0,0.0,0.0,same
44626,44,2,2,0,0,0.0,0.0,same
44626,45,2,2,0,0,0.0,0.0,same
44626,46,2,2,0,0,0.0,0.0,same
44626,47,2,2,0,0,0.0,0.0,same
44626,48,2,2,0,0,0.0,0.0,same
44626,49,2,2,0,0,0.0,0.0,same
44626,50,3,3,0,0,0.0,0.0,same
44626,51,2,2,0,0,0.0,0.0,same
44626,52,3,3,0,0,0.0,0.0,same
44626,53,2,2,0,0,0.0,0.0,same
44626,54,2,2,0,0,0.0,0.0,same
44626,55,2,2,0,0,0.0,0.0,same
44626,56,3,3,0,0,0.0,0.0,same
44626,57,1,3,0,0,0.0043015282824016,0.0,safe_to_safe_changed
44626,58,2,3,0,0,0.0,0.0,safe_to_safe_changed
44626,59,1,3,0,1,0.0,0.0277332775172323,safe_to_unsafe
44627,0,2,2,1,1,0.044283815100183,0.044283815100183,same
44627,1,2,2,1,1,0.0419629911257288,0.0419629911257288,same
44627,2,2,2,0,0,0.0,0.0,same
44627,3,3,3,0,0,0.0,0.0,same
44627,4,3,3,0,0,0.0,0.0,same
44627,5,3,3,1,1,0.0167020884726633,0.0167020884726633,same
44627,6,3,3,1,1,0.0216736599781254,0.0216736599781254,same
44627,7,2,2,0,0,0.0,0.0,same
44627,8,2,2,0,0,0.0,0.0,same
44627,9,3,3,0,0,0.0,0.0,same
44627,10,2,2,1,1,0.0579566640763908,0.0579566640763908,same
44627,11,2,2,0,0,0.0,0.0,same
44627,12,2,2,0,0,0.0,0.0,same
44627,13,3,3,0,0,0.0,0.0,same
44627,14,2,2,0,0,0.0,0.0,same
44627,15,3,3,0,0,0.0,0.0,same
44627,16,3,3,0,0,0.0,0.0,same
44627,17,3,3,0,0,0.0,0.0,same
44627,18,2,2,0,0,0.0,0.0,same
44627,19,3,3,0,0,0.0,0.0,same
44627,20,3,3,0,0,0.0,0.0,same
44627,21,3,3,0,0,0.0,0.0,same
44627,22,2,2,1,1,0.0937306805502088,0.0937306805502088,same
44627,23,2,2,1,1,0.0937306805502088,0.0937306805502088,same
44627,24,2,3,1,0,0.090960596615896,0.0,unsafe_to_safe
44627,25,1,3,1,0,0.090960596615896,0.0,unsafe_to_safe
44627,26,2,2,1,1,0.0516603395781203,0.0516603395781203,same
44627,27,2,2,0,0,0.0,0.0,same
44627,28,2,2,0,0,0.0,0.0,same
44627,29,2,2,0,0,0.0,0.0,same
44627,30,2,2,0,0,0.0,0.0,same
44627,31,2,2,0,0,0.0,0.0,same
44627,32,3,3,0,0,0.0,0.0,same
44627,33,3,3,0,0,0.0,0.0,same
44627,34,2,2,0,0,0.0,0.0,same
44627,35,2,2,0,0,0.0,0.0,same
44627,36,3,3,0,0,0.0,0.0,same
44627,37,2,2,0,0,0.0,0.0,same
44627,38,2,2,0,0,0.0,0.0,same
44627,39,2,2,0,0,0.0,0.0,same
44627,40,2,2,0,0,0.0,0.0,same
44627,41,3,3,0,0,0.0,0.0,same
44627,42,3,3,0,0,0.0,0.0,same
44627,43,2,2,0,0,0.0,0.0,same
44627,44,3,3,0,0,0.0,0.0,same
44627,45,3,3,0,0,0.0,0.0,same
44627,46,2,2,0,0,0.0,0.0,same
44627,47,2,2,0,0,0.0,0.0,same
44627,48,3,3,0,0,0.0,0.0,same
44627,49,3,3,0,0,0.0,0.0,same
44627,50,3,3,0,0,0.0,0.0,same
44627,51,2,2,0,0,0.0,0.0,same
44627,52,2,2,0,0,0.0,0.0,same
44627,53,2,2,0,0,0.0,0.0,same
44627,54,3,3,0,0,0.0,0.0,same
44627,55,2,2,0,0,0.0,0.0,same
44627,56,2,2,0,0,0.0,0.0,same
44627,57,2,2,0,0,0.0,0.0,same
44627,58,1,3,0,1,0.0,0.027867912483321,safe_to_unsafe
44628,0,3,3,0,0,0.0,0.0,same
44628,1,3,3,0,0,0.0,0.0,same
44628,2,3,3,1,1,0.0164993858462673,0.0164993858462673,same
44628,3,2,2,1,1,0.0127184824011712,0.0127184824011712,same
44628,4,3,3,0,0,0.0,0.0,same
44628,5,2,2,0,0,0.0,0.0,same
44628,6,2,2,0,0,0.0,0.0,same
44628,7,2,2,1,1,0.0580193735919053,0.0580193735919053,same
44628,8,2,2,0,0,0.0,0.0,same
44628,9,2,2,0,0,0.0,0.0,same
44628,10,3,3,0,0,0.0,0.0,same
44628,11,2,2,0,0,0.0,0.0,same
44628,12,3,3,0,0,0.0,0.0,same
44628,13,2,2,0,0,0.0,0.0,same
44628,14,2,2,0,0,0.0,0.0,same
44628,15,2,2,0,0,0.0,0.0,same
44628,16,3,3,0,0,0.0,0.0,same
44628,17,3,3,0,0,0.0,0.0,same
44628,18,2,2,0,0,0.0,0.0,same
44628,19,2,2,1,1,0.0933612517990301,0.0933612517990301,same
44628,20,2,2,1,1,0.09336125179903,0.09336125179903,same
44628,21,2,3,0,0,0.0,0.0,safe_to_safe_changed
44628,22,1,3,0,0,0.0,0.0,safe_to_safe_changed
44628,23,2,2,0,0,0.0,0.0,same
44628,24,3,3,0,0,0.0,0.0,same
44628,25,2,2,0,0,0.0,0.0,same
44628,26,2,2,0,0,0.0,0.0,same
44628,27,2,2,0,0,0.0,0.0,same
44628,28,2,2,0,0,0.0,0.0,same
44628,29,3,3,0,0,0.0,0.0,same
44628,30,3,3,0,0,0.0,0.0,same
44628,31,2,2,0,0,0.0,0.0,same
44628,32,2,2,0,0,0.0,0.0,same
44628,33,3,3,0,0,0.0,0.0,same
44628,34,2,2,0,0,0.0,0.0,same
44628,35,2,2,0,0,0.0,0.0,same
44628,36,3,3,0,0,0.0,0.0,same
44628,37,2,2,0,0,0.0,0.0,same
44628,38,3,3,0,0,0.0,0.0,same
44628,39,2,2,0,0,0.0,0.0,same
44628,40,2,2,0,0,0.0,0.0,same
44628,41,3,3,0,0,0.0,0.0,same
44628,42,3,3,0,0,0.0,0.0,same
44628,43,2,2,0,0,0.0,0.0,same
44628,44,3,3,0,0,0.0,0.0,same
44628,45,3,3,0,0,0.0,0.0,same
44628,46,3,3,0,0,0.0,0.0,same
44628,47,3,3,0,0,0.0,0.0,same
44628,48,2,2,0,0,0.0,0.0,same
44628,49,3,3,0,0,0.0,0.0,same
44628,50,2,2,0,0,0.0,0.0,same
44628,51,2,2,0,0,0.0,0.0,same
44628,52,2,2,0,0,0.0,0.0,same
44628,53,3,3,0,0,0.0,0.0,same
44628,54,2,2,0,0,0.0,0.0,same
44628,55,2,2,1,1,0.0711009166348759,0.0711009166348759,same
44628,56,3,3,0,0,0.0,0.0,same
44628,57,1,3,0,0,0.0032459954791176,0.0,safe_to_safe_changed
44628,58,1,3,1,0,0.0087667187854947,0.0,unsafe_to_safe
44628,59,2,3,0,0,0.0,0.0,safe_to_safe_changed
44629,0,3,3,1,1,0.0226579165131933,0.0226579165131933,same
44629,1,3,3,0,0,0.0,0.0,same
44629,2,3,3,0,0,0.0,0.0,same
44629,3,3,3,0,0,0.0,0.0,same
44629,4,2,2,1,1,0.0561012732110202,0.0561012732110202,same
44629,5,2,2,0,0,0.0,0.0,same
44629,6,2,2,0,0,0.0,0.0,same
44629,7,3,3,0,0,0.0,0.0,same
44629,8,2,2,0,0,0.0,0.0,same
44629,9,3,3,0,0,0.0,0.0,same
44629,10,3,3,0,0,0.0,0.0,same
44629,11,3,3,0,0,0.0,0.0,same
44629,12,2,2,0,0,0.0,0.0,same
44629,13,3,3,0,0,0.0,0.0,same
44629,14,3,3,0,0,0.0,0.0,same
44629,15,2,2,0,0,0.0,0.0,same
44629,16,3,3,0,0,0.0,0.0,same
44629,17,3,3,0,0,0.0,0.0,same
44629,18,1,3,1,0,0.0892417591050993,0.0,unsafe_to_safe
44629,19,1,3,1,0,0.0892417591050993,0.0,unsafe_to_safe
44629,20,2,2,1,1,0.0508763009753827,0.0508763009753827,same
44629,21,3,3,0,0,0.0,0.0,same
44629,22,2,2,0,0,0.0,0.0,same
44629,23,3,3,0,0,0.0,0.0,same
44629,24,2,2,0,0,0.0,0.0,same
44629,25,2,2,0,0,0.0,0.0,same
44629,26,3,3,0,0,0.0,0.0,same
44629,27,3,3,0,0,0.0,0.0,same
44629,28,3,3,0,0,0.0,0.0,same
44629,29,2,2,0,0,0.0,0.0,same
44629,30,3,3,0,0,0.0,0.0,same
44629,31,3,3,0,0,0.0,0.0,same
44629,32,2,2,0,0,0.0,0.0,same
44629,33,2,2,0,0,0.0,0.0,same
44629,34,2,2,0,0,0.0,0.0,same
44629,35,2,2,0,0,0.0,0.0,same
44629,36,3,3,0,0,0.0,0.0,same
44629,37,3,3,0,0,0.0,0.0,same
44629,38,3,3,0,0,0.0,0.0,same
44629,39,3,3,0,0,0.0,0.0,same
44629,40,2,2,0,0,0.0,0.0,same
44629,41,3,3,0,0,0.0,0.0,same
44629,42,3,3,0,0,0.0,0.0,same
44629,43,3,3,0,0,0.0,0.0,same
44629,44,3,3,0,0,0.0,0.0,same
44629,45,2,2,0,0,0.0,0.0,same
44629,46,2,2,0,0,0.0,0.0,same
44629,47,3,3,0,0,0.0,0.0,same
44629,48,3,3,0,0,0.0,0.0,same
44629,49,2,2,0,0,0.0,0.0,same
44629,50,3,3,0,0,0.0,0.0,same
44629,51,2,2,0,0,0.0,0.0,same
44629,52,3,3,0,0,0.0,0.0,same
44629,53,3,3,0,0,0.0,0.0,same
44629,54,2,2,0,0,0.0,0.0,same
44629,55,1,3,0,0,0.004399603625216,0.0,safe_to_safe_changed
44629,56,1,3,1,0,0.0085218589903846,0.0,unsafe_to_safe
44629,57,1,3,0,1,0.0,0.0289964949860667,safe_to_unsafe
44630,0,3,3,0,0,0.0,0.0,same
44630,1,3,3,0,0,0.0,0.0,same
44630,2,3,3,0,0,0.0,0.0,same
44630,3,2,2,1,1,0.0567239406193577,0.0567239406193577,same
44630,4,2,2,0,0,0.0,0.0,same
44630,5,2,2,0,0,0.0,0.0,same
44630,6,2,2,0,0,0.0,0.0,same
44630,7,2,2,0,0,0.0,0.0,same
44630,8,3,3,0,0,0.0,0.0,same
44630,9,3,3,0,0,0.0,0.0,same
44630,10,2,2,0,0,0.0,0.0,same
44630,11,2,2,0,0,0.0,0.0,same
44630,12,3,3,0,0,0.0,0.0,same
44630,13,3,3,0,0,0.0,0.0,same
44630,14,2,2,0,0,0.0,0.0,same
44630,15,2,2,1,1,0.0930063902553427,0.0930063902553427,same
44630,16,2,2,1,1,0.0930063902553426,0.0930063902553426,same
44630,17,2,3,0,0,0.0,0.0,safe_to_safe_changed
44630,18,1,3,1,0,0.0900584764077759,0.0,unsafe_to_safe
44630,19,2,2,0,0,0.0,0.0,same
44630,20,3,3,0,0,0.0,0.0,same
44630,21,2,3,0,0,0.0,0.0,safe_to_safe_changed
44630,22,2,2,0,0,0.0,0.0,same
44630,23,2,2,0,0,0.0,0.0,same
44630,24,2,2,0,0,0.0,0.0,same
44630,25,3,3,0,0,0.0,0.0,same
44630,26,3,3,0,0,0.0,0.0,same
44630,27,2,2,0,0,0.0,0.0,same
44630,28,2,2,0,0,0.0,0.0,same
44630,29,2,2,0,0,0.0,0.0,same
44630,30,2,2,0,0,0.0,0.0,same
44630,31,2,2,0,0,0.0,0.0,same
44630,32,3,3,0,0,0.0,0.0,same
44630,33,2,2,0,0,0.0,0.0,same
44630,34,2,2,0,0,0.0,0.0,same
44630,35,3,3,0,0,0.0,0.0,same
44630,36,3,3,0,0,0.0,0.0,same
44630,37,3,3,0,0,0.0,0.0,same
44630,38,3,3,0,0,0.0,0.0,same
44630,39,3,3,0,0,0.0,0.0,same
44630,40,2,2,0,0,0.0,0.0,same
44630,41,3,3,0,0,0.0,0.0,same
44630,42,3,3,0,0,0.0,0.0,same
44630,43,3,3,0,0,0.0,0.0,same
44630,44,3,3,0,0,0.0,0.0,same
44630,45,3,3,0,0,0.0,0.0,same
44630,46,3,3,0,0,0.0,0.0,same
44630,47,3,3,0,0,0.0,0.0,same
44630,48,2,2,0,0,0.0,0.0,same
44630,49,3,3,0,0,0.0,0.0,same
44630,50,2,2,0,0,0.0,0.0,same
44630,51,2,2,0,0,0.0,0.0,same
44630,52,3,3,0,0,0.0,0.0,same
44630,53,2,2,0,0,0.0,0.0,same
44630,54,2,2,0,0,0.0,0.0,same
44630,55,3,3,0,0,0.0,0.0,same
44630,56,2,2,0,0,0.0,0.0,same
44630,57,1,3,0,0,0.0041674699876842,0.0,safe_to_safe_changed
44630,58,1,3,1,0,0.0084229972841944,0.0,unsafe_to_safe
44630,59,2,3,0,0,0.0,0.0,safe_to_safe_changed
